Workbook
Name Print_Area: Расчёт_м_м!$B$2:$D$81
Name Print_Area: Расчеты_благо!$A$2:$G$81

Sheet ГП
C1: Интерполяция
B2: исходные | F2: конечные
B3: x0 | C3: x1 | D3: х2 | F3: f(x0) | G3: f(x1) | H3: f(x2)
A4: ПОС,здание+мелкий материал | B4: 0 | C4: 10 | D4: 10 | F4: 0 | G4: =F4+(C4-B4)*(H4-F4)/(D4-B4) -> 3.5 | H4: 3.5
A5: ПОС,здание+мелкий материал | B5: 10 | C5: 12 | D5: 20 | F5: 3.5 | G5: =F5+(C5-B5)*(H5-F5)/(D5-B5) -> 3.8 | H5: 5
A6: ПОС,здание+мелкий материал | B6: 20 | C6: 37.8 | D6: 70 | F6: 5 | G6: =F6+(C6-B6)*(H6-F6)/(D6-B6) -> 5.712 | H6: 7
A7: ПОС,кран+груз | B7: 10 | C7: 10 | D7: 20 | F7: 4 | G7: =F7+(C7-B7)*(H7-F7)/(D7-B7) -> 4 | H7: 7
A8: ПОС,кран+груз | B8: 20 | C8: 36 | D8: 70 | F8: 7 | G8: =F8+(C8-B8)*(H8-F8)/(D8-B8) -> 7.96 | H8: 10
A10: ПЗУ, машиноместа | C10: <= | D10: 10 | G10: 10
A11: ПЗУ, машиноместа | B11: 10 | C11: 30 | D11: 50 | F11: 10 | G11: =F11+(C11-B11)*(H11-F11)/(D11-B11) -> 12.5 | H11: 15
A12: ПЗУ, машиноместа | B12: 10 | C12: 36 | D12: 50 | F12: 10 | G12: =F12+(C12-B12)*(H12-F12)/(D12-B12) -> 13.25 | H12: 15
A13: ПЗУ, машиноместа | B13: 50 | C13: 60 | D13: 100 | F13: 15 | G13: =F13+(C13-B13)*(H13-F13)/(D13-B13) -> 17 | H13: 25
A14: ПЗУ, машиноместа | B14: 100 | C14: 134 | D14: 300 | F14: 25 | G14: =F14+(C14-B14)*(H14-F14)/(D14-B14) -> 26.7 | H14: 35
A15: ПЗУ, машиноместа | B15: 100 | C15: 234 | D15: 300 | F15: 25 | G15: =F15+(C15-B15)*(H15-F15)/(D15-B15) -> 31.7 | H15: 35
A16: ПЗУ, машиноместа | B16: 100 | C16: 255 | D16: 300 | F16: 25 | G16: =F16+(C16-B16)*(H16-F16)/(D16-B16) -> 32.75 | H16: 35
A17: ПЗУ, машиноместа | B17: 300 | C17: >= | G17: 50
B20: 2 | C20: 10
B21: 3.6 | C21: 2.5
C23: =B21*B20+C21*C20 -> 32.2 | E23: =C25+C20+B20 -> 24.88
C25: =C23/C26 -> 12.88
C26: 2.5
E27: =30*2.5 -> 75
D32: 10 | E32: 10
D33: =(D32^2+E32^2)/((E32+D32)^(0.5)) -> 44.72136
A35: ПЗУ, машиноместа-ДП | C35: <= | D35: 10 | G35: 25
A36: ПЗУ, машиноместа-ДП | B36: 10 | C36: 12 | D36: 50 | F36: 25 | G36: =F36+(C36-B36)*(H36-F36)/(D36-B36) -> 26.25 | H36: 50
A37: ПЗУ, машиноместа-ДП | B37: 10 | C37: 23 | D37: 50 | G37: 50
A38: ПЗУ, машиноместа-ДП | C38: >= | D38: 50 | G38: 50
A39: ПЗУ, машиноместа-ДП | C39: >= | D39: 100 | G39: 50
A45: МГН | C45: 44 | D45: =IF(C45<100,ROUNDUP(C45*0.05,0.1),IF(C45<200,5+ROUNDUP((C45-100)*0.03,0.1),IF(C45<500,8+ROUNDUP((C45-200)*0.02,0.1),IF(C45+500,14+ROUNDUP((C45-500)*0.01,0.1))))) -> 3

Sheet Таблицы
A1: Уточняющий коэффициент деловой активности территории города Москвы для расчета числа мест приобъектной парковки К2
A2: №п/п | B2: Район города Москвы | C2: Внутри ТТК | D2: Снаружи ТТК | I2: Внутри ТТК | J2: 1
A3: 1 | B3: 2 | C3: 3 | D3: 4 | I3: За пределами ТТК | J3: 0
A4: 1 | B4: Академический | C4: 0.7 | D4: =C4 -> 0.7
A5: 2 | B5: Алексеевский | C5: 0.5 | D5: =C5 -> 0.5
A6: 3 | B6: Алтуфьевский | C6: 0.9 | D6: =C6 -> 0.9
A7: 4 | B7: Арбат | C7: 0.2 | D7: =C7 -> 0.2
A8: 5 | B8: Аэропорт | C8: 0.5 | D8: =C8 -> 0.5
A9: 6 | B9: Бабушкинский | C9: 0.9 | D9: =C9 -> 0.9
A10: 7 | B10: Басманный | C10: 0.2 | D10: 0.5
A11: 8 | B11: Беговой | C11: 0.2 | D11: 0.5
A12: 9 | B12: Бекасово | C12: 0.9 | D12: =C12 -> 0.9
A13: 10 | B13: Бескудниковский | C13: 0.9 | D13: =C13 -> 0.9
A14: 11 | B14: Бибирево | C14: 0.9 | D14: =C14 -> 0.9
A15: 12 | B15: Бирюлёво Восточное | C15: 0.9 | D15: =C15 -> 0.9
A16: 13 | B16: Бирюлёво Западное | C16: 0.9 | D16: =C16 -> 0.9
A17: 14 | B17: Богородское | C17: 0.9 | D17: =C17 -> 0.9
A18: 15 | B18: Братеево | C18: 0.9 | D18: =C18 -> 0.9
A19: 16 | B19: Бутово Северное | C19: 0.9 | D19: =C19 -> 0.9
A20: 17 | B20: Бутово Южное | C20: 0.9 | D20: =C20 -> 0.9
A21: 18 | B21: Бутырский | C21: 0.5 | D21: =C21 -> 0.5
A22: 19 | B22: Вешняки | C22: 0.9 | D22: =C22 -> 0.9
A23: 20 | B23: Внуково | C23: 0.7 | D23: =C23 -> 0.7
... A32: 29 | B32: Гольяново | C32: 0.9 | D32: =C32 -> 0.9
A33: 30 | B33: Даниловский | C33: 0.2 | D33: 0.5
A34: 31 | B34: Дмитровский | C34: 0.9 | D34: =C34 -> 0.9
A35: 32 | B35: Донской | C35: 0.2 | D35: 0.5
A36: 33 | B36: Дорогомилово | C36: 0.2 | D36: 0.5
A37: 34 | B37: Замоскворечье | C37: 0.2 | D37: =C37 -> 0.2
A38: 35 | B38: Западное Дегунино | C38: 0.9 | D38: =C38 -> 0.9
A39: 36 | B39: Зюзино | C39: 0.9 | D39: =C39 -> 0.9
A40: 37 | B40: Зябликово | C40: 0.9 | D40: =C40 -> 0.9
A41: 38 | B41: Ивановское | C41: 0.9 | D41: =C41 -> 0.9
A42: 39 | B42: Измайлово | C42: 0.9 | D42: =C42 -> 0.9
A43: 40 | B43: Капотня | C43: 0.9 | D43: =C43 -> 0.9
A44: 41 | B44: Коммунарка | C44: 0.7 | D44: =C44 -> 0.7
A45: 42 | B45: Коньково | C45: 0.7 | D45: =C45 -> 0.7
A46: 43 | B46: Коптево | C46: 0.9 | D46: =C46 -> 0.9
A47: 44 | B47: Косино-Ухтомский | C47: 0.9 | D47: =C47 -> 0.9
A48: 45 | B48: Котловка | C48: 0.9 | D48: =C48 -> 0.9
A49: 46 | B49: Краснопахорский | C49: 0.9 | D49: =C49 -> 0.9
A50: 47 | B50: Красносельский | C50: 0.2 | D50: 0.5
A51: 48 | B51: Крылатское | C51: 0.7 | D51: =C51 -> 0.7
A52: 49 | B52: Крюково | C52: 0.9 | D52: =C52 -> 0.9
A53: 50 | B53: Кузьминки | C53: 0.9 | D53: =C53 -> 0.9
A54: 51 | B54: Кунцево за исключением территории Рублево-Успенского эксклава | C54: 0.7 | D54: =C54 -> 0.7
B55: Кунцево на территории Рублево-Успенского эксклава | C55: 0.9 | D55: =C55 -> 0.9
A56: 52 | B56: Куркино | C56: 0.9 | D56: =C56 -> 0.9
A57: 53 | B57: Левобережный | C57: 0.9 | D57: =C57 -> 0.9
A58: 54 | B58: Лефортово | C58: 0.2 | D58: 0.5
A59: 55 | B59: Лианозово | C59: 0.9 | D59: =C59 -> 0.9
A60: 56 | B60: Ломоносовский | C60: 0.9 | D60: =C60 -> 0.9
A61: 57 | B61: Лосиноостровский | C61: 0.9 | D61: =C61 -> 0.9
A62: 58 | B62: Люблино | C62: 0.9 | D62: =C62 -> 0.9
A63: 59 | B63: Марфино | C63: 0.9 | D63: =C63 -> 0.9
A64: 60 | B64: Марьина Роща | C64: 0.2 | D64: 0.5
A65: 61 | B65: Марьино | C65: 0.9 | D65: =C65 -> 0.9
A66: 62 | B66: Матушкино | C66: 0.7 | D66: =C66 -> 0.7
A67: 63 | B67: Метрогородок | C67: 0.7 | D67: =C67 -> 0.7
A68: 64 | B68: Мещанский | C68: 0.2 | D68: 0.5
A69: 65 | B69: Митино | C69: 0.9 | D69: =C69 -> 0.9
A70: 66 | B70: Можайский | C70: 0.7 | D70: =C70 -> 0.7
A71: 67 | B71: Молжаниновский | C71: 0.9 | D71: =C71 -> 0.9
A72: 68 | B72: Москворечье-Сабурово | C72: 0.7 | D72: =C72 -> 0.7
A73: 69 | B73: Нагатино-Садовники | C73: 0.5 | D73: =C73 -> 0.5
A74: 70 | B74: Нагатинский Затон | C74: 0.9 | D74: =C74 -> 0.9
A75: 71 | B75: Нагорный | C75: 0.7 | D75: =C75 -> 0.7
A76: 72 | B76: Некрасовка | C76: 0.9 | D76: =C76 -> 0.9
A77: 73 | B77: Нижегородский | C77: 0.7 | D77: =C77 -> 0.7
A78: 74 | B78: Новогиреево | C78: 0.9 | D78: =C78 -> 0.9
A79: 75 | B79: Новокосино | C79: 0.9 | D79: =C79 -> 0.9
A80: 76 | B80: Ново-Переделкино | C80: 0.9 | D80: =C80 -> 0.9
... A90: 86 | B90: Преображенское | C90: 0.5 | D90: =C90 -> 0.5
A91: 87 | B91: Пресненский | C91: 0.2 | D91: 0.5
A92: 88 | B92: Проспект Вернадского | C92: 0.7 | D92: =C92 -> 0.7
A93: 89 | B93: Раменки | C93: 0.7 | D93: =C93 -> 0.7
A94: 90 | B94: Ростокино | C94: 0.7 | D94: =C94 -> 0.7
A95: 91 | B95: Рязанский | C95: 0.9 | D95: =C95 -> 0.9
A96: 92 | B96: Савёлки | C96: 0.9 | D96: =C96 -> 0.9
A97: 93 | B97: Савёловский | C97: 0.5 | D97: =C97 -> 0.5
A98: 94 | B98: Свиблово | C98: 0.7 | D98: =C98 -> 0.7
A99: 95 | B99: Северное Измайлово | C99: 0.9 | D99: =C99 -> 0.9
A100: 96 | B100: Северное Медведково | C100: 0.9 | D100: =C100 -> 0.9
A101: 97 | B101: Северное Тушино | C101: 0.9 | D101: =C101 -> 0.9
A102: 98 | B102: Северный | C102: 0.9 | D102: =C102 -> 0.9
A103: 99 | B103: Силино | C103: 0.7 | D103: =C103 -> 0.7
... A119: 115 | B119: Филимонковский | C119: 0.9 | D119: =C119 -> 0.9
A120: 116 | B120: Хамовники | C120: 0.2 | D120: 0.5
A121: 117 | B121: Ховрино | C121: 0.9 | D121: =C121 -> 0.9
A122: 118 | B122: Хорошёво-Мневники | C122: 0.9 | D122: =C122 -> 0.9
A123: 119 | B123: Хорошёвский | C123: 0.5 | D123: =C123 -> 0.5
A124: 120 | B124: Царицыно | C124: 0.9 | D124: =C124 -> 0.9
A125: 121 | B125: Черемушки | C125: 0.7 | D125: =C125 -> 0.7
A126: 122 | B126: Чертаново Северное | C126: 0.9 | D126: =C126 -> 0.9
A127: 123 | B127: Чертаново Центральное | C127: 0.9 | D127: =C127 -> 0.9
A128: 124 | B128: Чертаново Южное | C128: 0.9 | D128: =C128 -> 0.9
A129: 125 | B129: Щербинка | C129: 0.7 | D129: =C129 -> 0.7
A130: 126 | B130: Щукино | C130: 0.7 | D130: =C130 -> 0.7
A131: 127 | B131: Южное Медведково | C131: 0.9 | D131: =C131 -> 0.9 | I131: Определение числа мест остановки в зависимости от функционального назначения объекта
A132: 128 | B132: Южное Тушино | C132: 0.9 | D132: =C132 -> 0.9
...

Sheet Исходные данные
A2: №п/п | B2: Наименование | C2: Тип объекта | D2: Год РНС | E2: Площадь участка проектирования | F2: Суммарная поэтажная жилой части, кв.м (СПП жилой части) | G2: Площадь квартир, кв.м | H2: Суммарная поэтажная площадь помещений общественного назначения, кв.м (СПП НПКИ) | I2: Общая площадь помещений общественного назначения (НПКИ), кв.м | J2: Нежилая наземная площадь (ННП) | K2: Район города Москвы | L2: Место площадки относительно ТТК г.Москва | M2: Доступность рельсового каркаса
D3: г. | E3: кв.м | F3: S | G3: Sоб.кв. | H3: X | I3: Sнпки | J3: X
A4: =IF(COUNTIF(B$3:B4,B4)=1,MAX(A$1:A3)+1,"") -> 1 | B4: Строгино_Среда_к1 | C4: Многоквартирный дом (2.1.1, 2.5, 2.6) | D4: 2027 и далее | E4: 17779.81 | F4: - | G4: 32103 | H4: - | I4: 2123 | J4: =I4 -> 2123 | K4: Строгино | L4: Снаружи ТТК | M4: более 2 200 м (более 30 мин. пешком)
A5: =IF(COUNTIF(B$3:B5,B5)=1,MAX(A$1:A4)+1,"") -> 2 | B5: Строгино_Среда_к2 | C5: Многоквартирный дом (2.1.1, 2.5, 2.6) | D5: 2027 и далее | E5: 17268.05 | F5: - | G5: =G6+G7 -> 47520 | H5: - | I5: =I6+I7 -> 2487 | J5: =I5 -> 2487 | K5: Строгино | L5: Снаружи ТТК | M5: более 2 200 м (более 30 мин. пешком)
A6: =IF(COUNTIF(B$3:B6,B6)=1,MAX(A$1:A5)+1,"") -> 3 | B6: Строгино_Среда_к2.1 | C6: Многоквартирный дом (2.1.1, 2.5, 2.6) | D6: 2027 и далее | E6: 12150 | F6: - | G6: 30089 | H6: - | I6: 1120 | J6: =I6 -> 1120 | K6: Строгино | L6: Снаружи ТТК | M6: более 2 200 м (более 30 мин. пешком)
A7: =IF(COUNTIF(B$3:B7,B7)=1,MAX(A$1:A6)+1,"") -> 4 | B7: Строгино_Среда_к2.2 | C7: Многоквартирный дом (2.1.1, 2.5, 2.6) | D7: 2027 и далее | E7: =E5-E6 -> 5118.05 | F7: - | G7: 17431 | H7: - | I7: 1367 | J7: =I7 -> 1367 | K7: Строгино | L7: Снаружи ТТК | M7: более 2 200 м (более 30 мин. пешком)
A8: =IF(COUNTIF(B$3:B8,B8)=1,MAX(A$1:A7)+1,"") -> 5 | B8: Строгино_Среда_к3 | C8: Многоквартирный дом (2.1.1, 2.5, 2.6) | D8: 2026 | E8: 24274.11 | F8: - | G8: =G9+G10 -> 51539.3 | H8: - | I8: =I9+I10 -> 3020.54 | J8: =J9+J10 -> 4048 | K8: Строгино | L8: Снаружи ТТК | M8: более 2 200 м (более 30 мин. пешком)
A9: =IF(COUNTIF(B$3:B9,B9)=1,MAX(A$1:A8)+1,"") -> 6 | B9: Строгино_Среда_к3.1-3.4 | C9: Многоквартирный дом (2.1.1, 2.5, 2.6) | D9: 2026 | E9: 16700 | F9: - | G9: 28124.7 | H9: - | I9: 1998.51 | J9: 2757.4 | K9: Строгино | L9: Снаружи ТТК | M9: более 2 200 м (более 30 мин. пешком)
A10: =IF(COUNTIF(B$3:B10,B10)=1,MAX(A$1:A9)+1,"") -> 7 | B10: Строгино_Среда_к3.4-3.7 | C10: Многоквартирный дом (2.1.1, 2.5, 2.6) | D10: 2027 и далее | E10: =E8-E9 -> 7574.11 | F10: - | G10: 23414.6 | H10: - | I10: 1022.03 | J10: 1290.6 | K10: Строгино | L10: Снаружи ТТК | M10: более 2 200 м (более 30 мин. пешком)
A11: =IF(COUNTIF(B$3:B11,B11)=1,MAX(A$1:A10)+1,"") -> 8 | B11: Строгино_Среда_к4 | C11: Многоквартирный дом (2.1.1, 2.5, 2.6) | D11: 2027 и далее | E11: 24532.67 | F11: - | G11: =G12+G13 -> 55124 | H11: - | I11: =I12+I13 -> 4801 | J11: =J12+J13 -> 4801 | K11: Строгино | L11: Снаружи ТТК | M11: более 2 200 м (более 30 мин. пешком)
A12: =IF(COUNTIF(B$3:B12,B12)=1,MAX(A$1:A11)+1,"") -> 9 | B12: Строгино_Среда_к4.1 | C12: Многоквартирный дом (2.1.1, 2.5, 2.6) | D12: 2027 и далее | E12: 16100 | F12: - | G12: 24133 | H12: - | I12: 3466 | J12: 3466 | K12: Строгино | L12: Снаружи ТТК | M12: более 2 200 м (более 30 мин. пешком)
A13: =IF(COUNTIF(B$3:B13,B13)=1,MAX(A$1:A12)+1,"") -> 10 | B13: Строгино_Среда_к4.2 | C13: Многоквартирный дом (2.1.1, 2.5, 2.6) | D13: 2027 и далее | E13: =E11-E12 -> 8432.67 | F13: - | G13: 30991 | H13: - | I13: 1335 | J13: =I13 -> 1335 | K13: Строгино | L13: Снаружи ТТК | M13: более 2 200 м (более 30 мин. пешком)
A14: =IF(COUNTIF(B$3:B14,B14)=1,MAX(A$1:A13)+1,"")
A15: =IF(COUNTIF(B$3:B15,B15)=1,MAX(A$1:A14)+1,"")
A16: =IF(COUNTIF(B$3:B16,B16)=1,MAX(A$1:A15)+1,"")
A17: =IF(COUNTIF(B$3:B17,B17)=1,MAX(A$1:A16)+1,"")
A18: =IF(COUNTIF(B$3:B18,B18)=1,MAX(A$1:A17)+1,"")
A19: =IF(COUNTIF(B$3:B19,B19)=1,MAX(A$1:A18)+1,"")
A20: =IF(COUNTIF(B$3:B20,B20)=1,MAX(A$1:A19)+1,"")
A21: =IF(COUNTIF(B$3:B21,B21)=1,MAX(A$1:A20)+1,"")
A22: =IF(COUNTIF(B$3:B22,B22)=1,MAX(A$1:A21)+1,"")
A23: =IF(COUNTIF(B$3:B23,B23)=1,MAX(A$1:A22)+1,"")
A24: =IF(COUNTIF(B$3:B24,B24)=1,MAX(A$1:A23)+1,"")
A25: =IF(COUNTIF(B$3:B25,B25)=1,MAX(A$1:A24)+1,"")
... A57: =IF(COUNTIF(B$3:B57,B57)=1,MAX(A$1:A56)+1,"")

Sheet Расчёт_м_м
B1: Строгино_Среда_к3 | F1: ='Исходные данные'!$B$4 -> Строгино_Среда_к1 | G1: ='Исходные данные'!$B$5 -> Строгино_Среда_к2 | H1: ='Исходные данные'!$B$6 -> Строгино_Среда_к2.1 | I1: ='Исходные данные'!$B$7 -> Строгино_Среда_к2.2 | J1: ='Исходные данные'!$B$8 -> Строгино_Среда_к3 | K1: ='Исходные данные'!$B$9 -> Строгино_Среда_к3.1-3.4 | L1: ='Исходные данные'!$B$10 -> Строгино_Среда_к3.4-3.7 | M1: ='Исходные данные'!$B$11 -> Строгино_Среда_к4 | N1: ='Исходные данные'!$B$12 -> Строгино_Среда_к4.1 | O1: ='Исходные данные'!$B$13 -> Строгино_Среда_к4.2 | P1: ='Исходные данные'!$B$14 -> 0 | Q1: ='Исходные данные'!$B$15 -> 0 | R1: ='Исходные данные'!$B$16 -> 0
B2: Расчёт стоянок по №945-ПП от 23.12.2015 с изменениями на 17 ноября 2025 года
B3: Наименование показателя | C3: Обозначение | D3: Значение
B4: Тип объекта | D4: =LOOKUP($B$1,E$1:AT$1,E4:AT4) -> Многоквартирный дом (2.1.1, 2.5, 2.6) | F4: ='Исходные данные'!$C$4 -> Многоквартирный дом (2.1.1, 2.5, 2.6) | G4: ='Исходные данные'!$C$5 -> Многоквартирный дом (2.1.1, 2.5, 2.6) | H4: ='Исходные данные'!$C$6 -> Многоквартирный дом (2.1.1, 2.5, 2.6) | I4: ='Исходные данные'!$C$7 -> Многоквартирный дом (2.1.1, 2.5, 2.6) | J4: ='Исходные данные'!$C$8 -> Многоквартирный дом (2.1.1, 2.5, 2.6) | K4: ='Исходные данные'!$C$9 -> Многоквартирный дом (2.1.1, 2.5, 2.6) | L4: ='Исходные данные'!$C$10 -> Многоквартирный дом (2.1.1, 2.5, 2.6) | M4: ='Исходные данные'!$C$11 -> Многоквартирный дом (2.1.1, 2.5, 2.6) | N4: ='Исходные данные'!$C$12 -> Многоквартирный дом (2.1.1, 2.5, 2.6) | O4: ='Исходные данные'!$C$13 -> Многоквартирный дом (2.1.1, 2.5, 2.6) | P4: ='Исходные данные'!$C$14 -> 0 | Q4: ='Исходные данные'!$C$15 -> 0 | R4: ='Исходные данные'!$C$16 -> 0
B5: Год РНС | C5: г. | D5: =LOOKUP($B$1,E$1:AT$1,E5:AT5) -> 2026 | F5: ='Исходные данные'!$D$4 -> 2027 и далее | G5: ='Исходные данные'!$D$5 -> 2027 и далее | H5: ='Исходные данные'!$D$6 -> 2027 и далее | I5: ='Исходные данные'!$D$7 -> 2027 и далее | J5: ='Исходные данные'!$D$8 -> 2026 | K5: ='Исходные данные'!$D$9 -> 2026 | L5: ='Исходные данные'!$D$10 -> 2027 и далее | M5: ='Исходные данные'!$D$11 -> 2027 и далее | N5: ='Исходные данные'!$D$12 -> 2027 и далее | O5: ='Исходные данные'!$D$13 -> 2027 и далее | P5: ='Исходные данные'!$D$14 -> 0 | Q5: ='Исходные данные'!$D$15 -> 0 | R5: ='Исходные данные'!$D$16 -> 0
B6: Площадь участка проектирования | C6: кв.м | D6: =LOOKUP($B$1,E$1:AT$1,E6:AT6) -> 24274.11 | F6: ='Исходные данные'!$E$4 -> 17779.81 | G6: ='Исходные данные'!$E$5 -> 17268.05 | H6: ='Исходные данные'!$E$6 -> 12150 | I6: ='Исходные данные'!$E$7 -> 5118.05 | J6: ='Исходные данные'!$E$8 -> 24274.11 | K6: ='Исходные данные'!$E$9 -> 16700 | L6: ='Исходные данные'!$E$10 -> 7574.11 | M6: ='Исходные данные'!$E$11 -> 24532.67 | N6: ='Исходные данные'!$E$12 -> 16100 | O6: ='Исходные данные'!$E$13 -> 8432.67 | P6: ='Исходные данные'!$E$14 -> 0 | Q6: ='Исходные данные'!$E$15 -> 0 | R6: ='Исходные данные'!$E$16 -> 0
B7: Суммарная поэтажная жилой части, кв.м (СПП жилой части) | C7: S | D7: - | F7: ='Исходные данные'!$F$4 -> - | G7: ='Исходные данные'!$F$5 -> - | H7: ='Исходные данные'!$F$6 -> - | I7: ='Исходные данные'!$F$7 -> - | J7: ='Исходные данные'!$F$8 -> - | K7: ='Исходные данные'!$F$9 -> - | L7: ='Исходные данные'!$F$10 -> - | M7: ='Исходные данные'!$F$11 -> - | N7: ='Исходные данные'!$F$12 -> - | O7: ='Исходные данные'!$F$13 -> - | P7: ='Исходные данные'!$F$14 -> 0 | Q7: ='Исходные данные'!$F$15 -> 0 | R7: ='Исходные данные'!$F$16 -> 0
B8: Площадь квартир, кв.м | C8: Sоб.кв. | D8: =LOOKUP($B$1,E$1:AT$1,E8:AT8) -> 51539.3 | F8: ='Исходные данные'!$G$4 -> 32103 | G8: ='Исходные данные'!$G$5 -> 47520 | H8: ='Исходные данные'!$G$6 -> 30089 | I8: ='Исходные данные'!$G$7 -> 17431 | J8: ='Исходные данные'!$G$8 -> 51539.3 | K8: ='Исходные данные'!$G$9 -> 28124.7 | L8: ='Исходные данные'!$G$10 -> 23414.6 | M8: ='Исходные данные'!$G$11 -> 55124 | N8: ='Исходные данные'!$G$12 -> 24133 | O8: ='Исходные данные'!$G$13 -> 30991 | P8: ='Исходные данные'!$G$14 -> 0 | Q8: ='Исходные данные'!$G$15 -> 0 | R8: ='Исходные данные'!$G$16 -> 0
B9: Суммарная поэтажная площадь помещений общественного назначения, кв.м (СПП НПКИ) | C9: X | D9: - | F9: ='Исходные данные'!$H$4 -> - | G9: ='Исходные данные'!$H$5 -> - | H9: ='Исходные данные'!$H$6 -> - | I9: ='Исходные данные'!$H$7 -> - | J9: ='Исходные данные'!$H$8 -> - | K9: ='Исходные данные'!$H$9 -> - | L9: ='Исходные данные'!$H$10 -> - | M9: ='Исходные данные'!$H$11 -> - | N9: ='Исходные данные'!$H$12 -> - | O9: ='Исходные данные'!$H$13 -> - | P9: ='Исходные данные'!$H$14 -> 0 | Q9: ='Исходные данные'!$H$15 -> 0 | R9: ='Исходные данные'!$H$16 -> 0
B10: Общая площадь помещений общественного назначения (НПКИ), кв.м | C10: Sнпки | D10: =LOOKUP($B$1,E$1:AT$1,E10:AT10) -> 3020.54 | F10: ='Исходные данные'!$I$4 -> 2123 | G10: ='Исходные данные'!$I$5 -> 2487 | H10: ='Исходные данные'!$I$6 -> 1120 | I10: ='Исходные данные'!$I$7 -> 1367 | J10: ='Исходные данные'!$I$8 -> 3020.54 | K10: ='Исходные данные'!$I$9 -> 1998.51 | L10: ='Исходные данные'!$I$10 -> 1022.03 | M10: ='Исходные данные'!$I$11 -> 4801 | N10: ='Исходные данные'!$I$12 -> 3466 | O10: ='Исходные данные'!$I$13 -> 1335 | P10: ='Исходные данные'!$I$14 -> 0 | Q10: ='Исходные данные'!$I$15 -> 0 | R10: ='Исходные данные'!$I$16 -> 0
B11: Нежилая наземная площадь (ННП) | C11: X | D11: =LOOKUP($B$1,E$1:AT$1,E11:AT11) -> 4048 | F11: ='Исходные данные'!$J$4 -> 2123 | G11: ='Исходные данные'!$J$5 -> 2487 | H11: ='Исходные данные'!$J$6 -> 1120 | I11: ='Исходные данные'!$J$7 -> 1367 | J11: ='Исходные данные'!$J$8 -> 4048 | K11: ='Исходные данные'!$J$9 -> 2757.4 | L11: ='Исходные данные'!$J$10 -> 1290.6 | M11: ='Исходные данные'!$J$11 -> 4801 | N11: ='Исходные данные'!$J$12 -> 3466 | O11: ='Исходные данные'!$J$13 -> 1335 | P11: ='Исходные данные'!$J$14 -> 0 | Q11: ='Исходные данные'!$J$15 -> 0 | R11: ='Исходные данные'!$J$16 -> 0
B12: Район города Москвы | D12: Строгино | F12: ='Исходные данные'!$K$4 -> Строгино | G12: ='Исходные данные'!$K$5 -> Строгино | H12: ='Исходные данные'!$K$6 -> Строгино | I12: ='Исходные данные'!$K$7 -> Строгино | J12: ='Исходные данные'!$K$8 -> Строгино | K12: ='Исходные данные'!$K$9 -> Строгино | L12: ='Исходные данные'!$K$10 -> Строгино | M12: ='Исходные данные'!$K$11 -> Строгино | N12: ='Исходные данные'!$K$12 -> Строгино | O12: ='Исходные данные'!$K$13 -> Строгино | P12: ='Исходные данные'!$K$14 -> 0 | Q12: ='Исходные данные'!$K$15 -> 0 | R12: ='Исходные данные'!$K$16 -> 0
B13: Место площадки относительно ТТК г.Москва | D13: =LOOKUP($B$1,E$1:AT$1,E13:AT13) -> Снаружи ТТК | F13: ='Исходные данные'!$L$4 -> Снаружи ТТК | G13: ='Исходные данные'!$L$5 -> Снаружи ТТК | H13: ='Исходные данные'!$L$6 -> Снаружи ТТК | I13: ='Исходные данные'!$L$7 -> Снаружи ТТК | J13: ='Исходные данные'!$L$8 -> Снаружи ТТК | K13: ='Исходные данные'!$L$9 -> Снаружи ТТК | L13: ='Исходные данные'!$L$10 -> Снаружи ТТК | M13: ='Исходные данные'!$L$11 -> Снаружи ТТК | N13: ='Исходные данные'!$L$12 -> Снаружи ТТК | O13: ='Исходные данные'!$L$13 -> Снаружи ТТК | P13: ='Исходные данные'!$L$14 -> 0 | Q13: ='Исходные данные'!$L$15 -> 0 | R13: ='Исходные данные'!$L$16 -> 0
B14: Доступность рельсового каркаса | D14: =LOOKUP($B$1,E$1:AT$1,E14:AT14) -> более 2 200 м (более 30 мин. пешком) | F14: ='Исходные данные'!$M$4 -> более 2 200 м (более 30 мин. пешком) | G14: ='Исходные данные'!$M$5 -> более 2 200 м (более 30 мин. пешком) | H14: ='Исходные данные'!$M$6 -> более 2 200 м (более 30 мин. пешком) | I14: ='Исходные данные'!$M$7 -> более 2 200 м (более 30 мин. пешком) | J14: ='Исходные данные'!$M$8 -> более 2 200 м (более 30 мин. пешком) | K14: ='Исходные данные'!$M$9 -> более 2 200 м (более 30 мин. пешком) | L14: ='Исходные данные'!$M$10 -> более 2 200 м (более 30 мин. пешком) | M14: ='Исходные данные'!$M$11 -> более 2 200 м (более 30 мин. пешком) | N14: ='Исходные данные'!$M$12 -> более 2 200 м (более 30 мин. пешком) | O14: ='Исходные данные'!$M$13 -> более 2 200 м (более 30 мин. пешком) | P14: ='Исходные данные'!$M$14 -> 0 | Q14: ='Исходные данные'!$M$15 -> 0 | R14: ='Исходные данные'!$M$16 -> 0
B15: Коэффициент пешей доступности рельсового каркаса по табл. Приложения 5 | C15: К1 | D15: =LOOKUP(D14,Таблицы!C140:C142,Таблицы!B140:B142) -> 1 | F15: =LOOKUP(F14,Таблицы!$C$140:$C$142,Таблицы!$B$140:$B$142) -> 1 | G15: =LOOKUP(G14,Таблицы!$C$140:$C$142,Таблицы!$B$140:$B$142) -> 1 | H15: =LOOKUP(H14,Таблицы!$C$140:$C$142,Таблицы!$B$140:$B$142) -> 1 | I15: =LOOKUP(I14,Таблицы!$C$140:$C$142,Таблицы!$B$140:$B$142) -> 1 | J15: =LOOKUP(J14,Таблицы!$C$140:$C$142,Таблицы!$B$140:$B$142) -> 1 | K15: =LOOKUP(K14,Таблицы!$C$140:$C$142,Таблицы!$B$140:$B$142) -> 1 | L15: =LOOKUP(L14,Таблицы!$C$140:$C$142,Таблицы!$B$140:$B$142) -> 1 | M15: =LOOKUP(M14,Таблицы!$C$140:$C$142,Таблицы!$B$140:$B$142) -> 1 | ... Q15: =LOOKUP(Q14,Таблицы!$C$140:$C$142,Таблицы!$B$140:$B$142) -> #N/A
B16: Уточняющий коэффициент деловой активности территории города Москвы для расчета числа мест приобъектной парковки по табл. Приложения 6 | C16: К2 | D16: =IF(LOOKUP(D13,Таблицы!$I$2:$I$3,Таблицы!$J$2:$J$3)=1,LOOKUP(D12,Таблицы!$B$4:$B$136,Таблицы!$C$4:$C$136),LOOKUP(D12,Таблицы!$B$4:$B$136,Таблицы!$D$4:$D$136)) -> 0.9 | F16: =IF(LOOKUP(F13,Таблицы!$I$2:$I$3,Таблицы!$J$2:$J$3)=1,LOOKUP(F12,Таблицы!$B$4:$B$136,Таблицы!$C$4:$C$136),LOOKUP(F12,Таблицы!$B$4:$B$136,Таблицы!$D$4:$D$136)) -> 0.9 | G16: =IF(LOOKUP(G13,Таблицы!$I$2:$I$3,Таблицы!$J$2:$J$3)=1,LOOKUP(G12,Таблицы!$B$4:$B$136,Таблицы!$C$4:$C$136),LOOKUP(G12,Таблицы!$B$4:$B$136,Таблицы!$D$4:$D$136)) -> 0.9 | H16: =IF(LOOKUP(H13,Таблицы!$I$2:$I$3,Таблицы!$J$2:$J$3)=1,LOOKUP(H12,Таблицы!$B$4:$B$136,Таблицы!$C$4:$C$136),LOOKUP(H12,Таблицы!$B$4:$B$136,Таблицы!$D$4:$D$136)) -> 0.9 | I16: =IF(LOOKUP(I13,Таблицы!$I$2:$I$3,Таблицы!$J$2:$J$3)=1,LOOKUP(I12,Таблицы!$B$4:$B$136,Таблицы!$C$4:$C$136),LOOKUP(I12,Таблицы!$B$4:$B$136,Таблицы!$D$4:$D$136)) -> 0.9 | J16: =IF(LOOKUP(J13,Таблицы!$I$2:$I$3,Таблицы!$J$2:$J$3)=1,LOOKUP(J12,Таблицы!$B$4:$B$136,Таблицы!$C$4:$C$136),LOOKUP(J12,Таблицы!$B$4:$B$136,Таблицы!$D$4:$D$136)) -> 0.9 | K16: =IF(LOOKUP(K13,Таблицы!$I$2:$I$3,Таблицы!$J$2:$J$3)=1,LOOKUP(K12,Таблицы!$B$4:$B$136,Таблицы!$C$4:$C$136),LOOKUP(K12,Таблицы!$B$4:$B$136,Таблицы!$D$4:$D$136)) -> 0.9 | L16: =IF(LOOKUP(L13,Таблицы!$I$2:$I$3,Таблицы!$J$2:$J$3)=1,LOOKUP(L12,Таблицы!$B$4:$B$136,Таблицы!$C$4:$C$136),LOOKUP(L12,Таблицы!$B$4:$B$136,Таблицы!$D$4:$D$136)) -> 0.9 | M16: =IF(LOOKUP(M13,Таблицы!$I$2:$I$3,Таблицы!$J$2:$J$3)=1,LOOKUP(M12,Таблицы!$B$4:$B$136,Таблицы!$C$4:$C$136),LOOKUP(M12,Таблицы!$B$4:$B$136,Таблицы!$D$4:$D$136)) -> 0.9 | ... Q16: =IF(LOOKUP(Q13,Таблицы!$I$2:$I$3,Таблицы!$J$2:$J$3)=1,LOOKUP(Q12,Таблицы!$B$4:$B$136,Таблицы!$C$4:$C$136),LOOKUP(Q12,Таблицы!$B$4:$B$136,Таблицы!$D$4:$D$136)) -> #N/A
B17: Расчета числа мест постоянного размещения транспортных средств жителей
B18: Показатели расчета населения по типам жилой застройки | C18: S1 | D18: =LOOKUP($B$1,E$1:AT$1,E18:AT18) -> 33 | F18: =LOOKUP(F4,Таблицы!$B169:$B171,Таблицы!$D169:$D171) -> 33 | G18: =LOOKUP(G4,Таблицы!$B169:$B171,Таблицы!$D169:$D171) -> 33 | H18: =LOOKUP(H4,Таблицы!$B169:$B171,Таблицы!$D169:$D171) -> 33 | I18: =LOOKUP(I4,Таблицы!$B169:$B171,Таблицы!$D169:$D171) -> 33 | J18: =LOOKUP(J4,Таблицы!$B169:$B171,Таблицы!$D169:$D171) -> 33 | K18: =LOOKUP(K4,Таблицы!$B169:$B171,Таблицы!$D169:$D171) -> 33 | L18: =LOOKUP(L4,Таблицы!$B169:$B171,Таблицы!$D169:$D171) -> 33 | M18: =LOOKUP(M4,Таблицы!$B169:$B171,Таблицы!$D169:$D171) -> 33 | ... Q18: =LOOKUP(Q4,Таблицы!$B169:$B171,Таблицы!$D169:$D171) -> #N/A
B19: Целевой показатель уровня автомобилизации города Москвы — 257 транспортных средств на 1 000 жителей по Приложению 5 | C19: А | D19: 0.257 | F19: =$D19 -> 0.257 | G19: =$D19 -> 0.257 | H19: =$D19 -> 0.257 | I19: =$D19 -> 0.257 | J19: =$D19 -> 0.257 | K19: =$D19 -> 0.257 | L19: =$D19 -> 0.257 | M19: =$D19 -> 0.257 | ... Q19: =$D19 -> 0.257
A20: =ROUNDUP((D8/D18)*D19*D15,0) -> 402 | B20: ="Nп= (S/S1) × A × К1 = ("&D8&" / "&D18&") x "&D19&" x "&D15&" ="&ROUNDUP((D8/D18)*D19*D15,0)&" (шт.)" -> Nп= (S/S1) × A × К1 = (51539.3 / 33) x 0.257 x 1 =402 (шт.) | F20: =ROUNDUP((F8/F18)*F19*F15,0) -> 251 | G20: =ROUNDUP((G8/G18)*G19*G15,0) -> 371 | H20: =ROUNDUP((H8/H18)*H19*H15,0) -> 235 | I20: =ROUNDUP((I8/I18)*I19*I15,0) -> 136 | J20: =ROUNDUP((J8/J18)*J19*J15,0) -> 402 | K20: =ROUNDUP((K8/K18)*K19*K15,0) -> 220 | L20: =ROUNDUP((L8/L18)*L19*L15,0) -> 183 | M20: =ROUNDUP((M8/M18)*M19*M15,0) -> 430 | ... Q20: =ROUNDUP((Q8/Q18)*Q19*Q15,0) -> #N/A
A21: =ROUNDUP(A20*0.9,0) -> 362 | B21: ="Nп-10%= Nп х 90% = "&A20&" х 90% = "&ROUNDUP(A20*0.9,0)&" (шт.) - с учётом допустимого отклонения 10%" -> Nп-10%= Nп х 90% = 402 х 90% = 362 (шт.) - с учётом допустимого отклонения 10% | F21: =ROUNDUP(F20*0.9,0) -> 226 | G21: =ROUNDUP(G20*0.9,0) -> 334 | H21: =ROUNDUP(H20*0.9,0) -> 212 | I21: =ROUNDUP(I20*0.9,0) -> 123 | J21: =ROUNDUP(J20*0.9,0) -> 362 | K21: =ROUNDUP(K20*0.9,0) -> 198 | L21: =ROUNDUP(L20*0.9,0) -> 165 | M21: =ROUNDUP(M20*0.9,0) -> 387 | ... Q21: =ROUNDUP(Q20*0.9,0) -> #N/A
A22: =ROUNDDOWN(A20*1.1,0) -> 442 | B22: ="Nп+10%= Nп х 110% = "&A20&" х 110% = "&ROUNDDOWN(A20*1.1,0)&" (шт.) - с учётом допустимого отклонения 10%" -> Nп+10%= Nп х 110% = 402 х 110% = 442 (шт.) - с учётом допустимого отклонения 10% | F22: =ROUNDDOWN(F20*1.1,0) -> 276 | G22: =ROUNDDOWN(G20*1.1,0) -> 408 | H22: =ROUNDDOWN(H20*1.1,0) -> 258 | I22: =ROUNDDOWN(I20*1.1,0) -> 149 | J22: =ROUNDDOWN(J20*1.1,0) -> 442 | K22: =ROUNDDOWN(K20*1.1,0) -> 242 | L22: =ROUNDDOWN(L20*1.1,0) -> 201 | M22: =ROUNDDOWN(M20*1.1,0) -> 473 | ... Q22: =ROUNDDOWN(Q20*1.1,0) -> #N/A
B23: Квартиры для МГН по заданию на проектирование не предусматриваются. Стоянки МГН постоянного хранения не требуются.
B24: Расчет числа мест гостевой парковки (допустимо отклонение 10%)
A25: =ROUNDUP(A20*0.1,0) -> 41 | B25: ="Nг= Nп х 10% = "&A20&" х 10% = "&ROUNDUP(A20*0.1,0)&" (шт.)" -> Nг= Nп х 10% = 402 х 10% = 41 (шт.) | F25: =ROUNDUP(F20*0.1,0) -> 26 | G25: =ROUNDUP(G20*0.1,0) -> 38 | H25: =ROUNDUP(H20*0.1,0) -> 24 | I25: =ROUNDUP(I20*0.1,0) -> 14 | J25: =ROUNDUP(J20*0.1,0) -> 41 | K25: =ROUNDUP(K20*0.1,0) -> 22 | L25: =ROUNDUP(L20*0.1,0) -> 19 | M25: =ROUNDUP(M20*0.1,0) -> 43 | ... Q25: =ROUNDUP(Q20*0.1,0) -> #N/A
A26: =ROUNDUP(A25*0.9,0) -> 37 | B26: ="Nг-10%= Nг х 90% = "&A25&" х 90% = "&ROUNDUP(A25*0.9,0)&" (шт.) - с учётом допустимого отклонения 10%" -> Nг-10%= Nг х 90% = 41 х 90% = 37 (шт.) - с учётом допустимого отклонения 10% | F26: =ROUNDUP(F25*0.9,0) -> 24 | G26: =ROUNDUP(G25*0.9,0) -> 35 | H26: =ROUNDUP(H25*0.9,0) -> 22 | I26: =ROUNDUP(I25*0.9,0) -> 13 | J26: =ROUNDUP(J25*0.9,0) -> 37 | K26: =ROUNDUP(K25*0.9,0) -> 20 | L26: =ROUNDUP(L25*0.9,0) -> 18 | M26: =ROUNDUP(M25*0.9,0) -> 39 | ... Q26: =ROUNDUP(Q25*0.9,0) -> #N/A
A27: =ROUNDDOWN(A25*1.1,0) -> 45 | B27: ="Nг+10%= Nг х 110% = "&A25&" х 110% = "&ROUNDDOWN(A25*1.1,0)&" (шт.) - с учётом допустимого отклонения 10%" -> Nг+10%= Nг х 110% = 41 х 110% = 45 (шт.) - с учётом допустимого отклонения 10% | F27: =ROUNDDOWN(F25*1.1,0) -> 28 | G27: =ROUNDDOWN(G25*1.1,0) -> 41 | H27: =ROUNDDOWN(H25*1.1,0) -> 26 | I27: =ROUNDDOWN(I25*1.1,0) -> 15 | J27: =ROUNDDOWN(J25*1.1,0) -> 45 | K27: =ROUNDDOWN(K25*1.1,0) -> 24 | L27: =ROUNDDOWN(L25*1.1,0) -> 20 | M27: =ROUNDDOWN(M25*1.1,0) -> 47 | ... Q27: =ROUNDDOWN(Q25*1.1,0) -> #N/A
A28: =ROUNDUP(A25*0.1,0) -> 5 | B28: ="Из них для МГН: Nг(МГН)= Nг х 10% = "&A25&" х 90% = "&A28&" (шт.), в т.ч. увеличенных размеров: "&A29&" (шт.) - не далее 100м, либо не далее 200м от входной группы с устройством промежуточных площадок с навесами каждые 100м и кратковременной остановкой не далее 50м от входа" -> Из них для МГН: Nг(МГН)= Nг х 10% = 41 х 90% = 5 (шт.), в т.ч. увеличенных размеров: 3 (шт.) - не далее 100м, либо не далее 200м от входной группы с устройством промежуточных площадок с навесами каждые 100м и кратковременной остановкой не далее 50м от входа | F28: =ROUNDUP(F25*0.1,0) -> 3 | G28: =ROUNDUP(G25*0.1,0) -> 4 | H28: =ROUNDUP(H25*0.1,0) -> 3 | I28: =ROUNDUP(I25*0.1,0) -> 2 | J28: =ROUNDUP(J25*0.1,0) -> 5 | K28: =ROUNDUP(K25*0.1,0) -> 3 | L28: =ROUNDUP(L25*0.1,0) -> 2 | M28: =ROUNDUP(M25*0.1,0) -> 5 | ... Q28: =ROUNDUP(Q25*0.1,0) -> #N/A
A29: =IF(A25<=100,ROUNDUP(A25*0.05,0),IF(A25<=200,5+ROUNDUP((A25-100)*0.03,0),IF(A25<=500,8+ROUNDUP((A25-200)*0.02,0),14+ROUNDUP((A25-500)*0.01,0)))) -> 3 | B29: Расчет числа мест приобъектной парковки встроенно-пристроенных коммерческих помещений (допустимо отклонение +-30%); согласно прим. 4. к таблице Приложения 1 - при размерах суммарной поэтажной площади торговых объектов менее 500 кв.м парковочные места и (или) машино-места допускается не предусматривать | F29: =IF(F25<=100,ROUNDUP(F25*0.05,0),IF(F25<=200,5+ROUNDUP((F25-100)*0.03,0),IF(F25<=500,8+ROUNDUP((F25-200)*0.02,0),14+ROUNDUP((F25-500)*0.01,0)))) -> 2 | G29: =IF(G25<=100,ROUNDUP(G25*0.05,0),IF(G25<=200,5+ROUNDUP((G25-100)*0.03,0),IF(G25<=500,8+ROUNDUP((G25-200)*0.02,0),14+ROUNDUP((G25-500)*0.01,0)))) -> 2 | H29: =IF(H25<=100,ROUNDUP(H25*0.05,0),IF(H25<=200,5+ROUNDUP((H25-100)*0.03,0),IF(H25<=500,8+ROUNDUP((H25-200)*0.02,0),14+ROUNDUP((H25-500)*0.01,0)))) -> 2 | I29: =IF(I25<=100,ROUNDUP(I25*0.05,0),IF(I25<=200,5+ROUNDUP((I25-100)*0.03,0),IF(I25<=500,8+ROUNDUP((I25-200)*0.02,0),14+ROUNDUP((I25-500)*0.01,0)))) -> 1 | J29: =IF(J25<=100,ROUNDUP(J25*0.05,0),IF(J25<=200,5+ROUNDUP((J25-100)*0.03,0),IF(J25<=500,8+ROUNDUP((J25-200)*0.02,0),14+ROUNDUP((J25-500)*0.01,0)))) -> 3 | K29: =IF(K25<=100,ROUNDUP(K25*0.05,0),IF(K25<=200,5+ROUNDUP((K25-100)*0.03,0),IF(K25<=500,8+ROUNDUP((K25-200)*0.02,0),14+ROUNDUP((K25-500)*0.01,0)))) -> 2 | L29: =IF(L25<=100,ROUNDUP(L25*0.05,0),IF(L25<=200,5+ROUNDUP((L25-100)*0.03,0),IF(L25<=500,8+ROUNDUP((L25-200)*0.02,0),14+ROUNDUP((L25-500)*0.01,0)))) -> 1 | M29: =IF(M25<=100,ROUNDUP(M25*0.05,0),IF(M25<=200,5+ROUNDUP((M25-100)*0.03,0),IF(M25<=500,8+ROUNDUP((M25-200)*0.02,0),14+ROUNDUP((M25-500)*0.01,0)))) -> 3 | ... Q29: =IF(Q25<=100,ROUNDUP(Q25*0.05,0),IF(Q25<=200,5+ROUNDUP((Q25-100)*0.03,0),IF(Q25<=500,8+ROUNDUP((Q25-200)*0.02,0),14+ROUNDUP((Q25-500)*0.01,0)))) -> #N/A
B30: Расчетный показатель в расчетных единицах на одно парковочное место и машино-место в соответствии с примечанием 1 к Приложению 6, кв.м | C30: X2 | D30: 90 | F30: =$D30 -> 90 | G30: =$D30 -> 90 | H30: =$D30 -> 90 | I30: =$D30 -> 90 | J30: =$D30 -> 90 | K30: =$D30 -> 90 | L30: =$D30 -> 90 | M30: =$D30 -> 90 | ... Q30: =$D30 -> 90
A31: =ROUNDUP((D11/D30)*D15*D16,0) -> 41 | B31: ="Nв = X / Х2 x K1 x K2 = ("&D11&" / "&D30&") x "&D15&" x "&D16&" = "&ROUNDUP((D11/D30)*D15*D16,0)&" (шт.)" -> Nв = X / Х2 x K1 x K2 = (4048 / 90) x 1 x 0.9 = 41 (шт.) | F31: =ROUNDUP((F11/F30)*F15*F16,0) -> 22 | G31: =ROUNDUP((G11/G30)*G15*G16,0) -> 25 | H31: =ROUNDUP((H11/H30)*H15*H16,0) -> 12 | I31: =ROUNDUP((I11/I30)*I15*I16,0) -> 14 | J31: =ROUNDUP((J11/J30)*J15*J16,0) -> 41 | K31: =ROUNDUP((K11/K30)*K15*K16,0) -> 28 | L31: =ROUNDUP((L11/L30)*L15*L16,0) -> 13 | M31: =ROUNDUP((M11/M30)*M15*M16,0) -> 49 | ... Q31: =ROUNDUP((Q11/Q30)*Q15*Q16,0) -> #N/A
A32: =ROUNDUP(A31*0.7,0) -> 29 | B32: ="Nв-30%= Nв х 70% = "&A31&" х 70% = "&ROUNDUP(A31*0.7,0)&" (шт.) - с учётом допустимого отклонения 30%" -> Nв-30%= Nв х 70% = 41 х 70% = 29 (шт.) - с учётом допустимого отклонения 30% | F32: =ROUNDUP(F31*0.7,0) -> 16 | G32: =ROUNDUP(G31*0.7,0) -> 18 | H32: =ROUNDUP(H31*0.7,0) -> 9 | I32: =ROUNDUP(I31*0.7,0) -> 10 | J32: =ROUNDUP(J31*0.7,0) -> 29 | K32: =ROUNDUP(K31*0.7,0) -> 20 | L32: =ROUNDUP(L31*0.7,0) -> 10 | M32: =ROUNDUP(M31*0.7,0) -> 35 | ... Q32: =ROUNDUP(Q31*0.7,0) -> #N/A
A33: =ROUNDDOWN(A31*1.3,0) -> 53 | B33: ="Nв+30%= Nв х 130% = "&A32&" х 130% = "&ROUNDDOWN(A31*1.3,0)&" (шт.) - с учётом допустимого отклонения 30%" -> Nв+30%= Nв х 130% = 29 х 130% = 53 (шт.) - с учётом допустимого отклонения 30% | F33: =ROUNDDOWN(F31*1.3,0) -> 28 | G33: =ROUNDDOWN(G31*1.3,0) -> 32 | H33: =ROUNDDOWN(H31*1.3,0) -> 15 | I33: =ROUNDDOWN(I31*1.3,0) -> 18 | J33: =ROUNDDOWN(J31*1.3,0) -> 53 | K33: =ROUNDDOWN(K31*1.3,0) -> 36 | L33: =ROUNDDOWN(L31*1.3,0) -> 16 | M33: =ROUNDDOWN(M31*1.3,0) -> 63 | ... Q33: =ROUNDDOWN(Q31*1.3,0) -> #N/A
A34: =ROUNDUP(A31*0.1,0) -> 5 | B34: ="Из них для МГН: Nв(МГН)= Nв х 10% = "&A31&" х 10% = "&A34&" (шт.), в т.ч. увеличенных размеров: "&A35&" (шт.) - не далее 50м, либо не далее 200м от входной группы с устройством промежуточных площадок с навесами каждые 100м и кратковременной остановкой не далее 50м от входа" -> Из них для МГН: Nв(МГН)= Nв х 10% = 41 х 10% = 5 (шт.), в т.ч. увеличенных размеров: 3 (шт.) - не далее 50м, либо не далее 200м от входной группы с устройством промежуточных площадок с навесами каждые 100м и кратковременной остановкой не далее 50м от входа | F34: =ROUNDUP(F31*0.1,0) -> 3 | G34: =ROUNDUP(G31*0.1,0) -> 3 | H34: =ROUNDUP(H31*0.1,0) -> 2 | I34: =ROUNDUP(I31*0.1,0) -> 2 | J34: =ROUNDUP(J31*0.1,0) -> 5 | K34: =ROUNDUP(K31*0.1,0) -> 3 | L34: =ROUNDUP(L31*0.1,0) -> 2 | M34: =ROUNDUP(M31*0.1,0) -> 5 | ... Q34: =ROUNDUP(Q31*0.1,0) -> #N/A
A35: =IF(A31<=100,ROUNDUP(A31*0.05,0),IF(A31<=200,5+ROUNDUP((A31-100)*0.03,0),IF(A31<=500,8+ROUNDUP((A31-200)*0.02,0),14+ROUNDUP((A31-500)*0.01,0)))) -> 3 | B35: Расчет числа мест остановки (размер одного места не менее 6,0 х 3,6 метра или 2,5 х 6,5 метра, в случае расположения вдоль проезжей части) | F35: =IF(F31<=100,ROUNDUP(F31*0.05,0),IF(F31<=200,5+ROUNDUP((F31-100)*0.03,0),IF(F31<=500,8+ROUNDUP((F31-200)*0.02,0),14+ROUNDUP((F31-500)*0.01,0)))) -> 2 | G35: =IF(G31<=100,ROUNDUP(G31*0.05,0),IF(G31<=200,5+ROUNDUP((G31-100)*0.03,0),IF(G31<=500,8+ROUNDUP((G31-200)*0.02,0),14+ROUNDUP((G31-500)*0.01,0)))) -> 2 | H35: =IF(H31<=100,ROUNDUP(H31*0.05,0),IF(H31<=200,5+ROUNDUP((H31-100)*0.03,0),IF(H31<=500,8+ROUNDUP((H31-200)*0.02,0),14+ROUNDUP((H31-500)*0.01,0)))) -> 1 | I35: =IF(I31<=100,ROUNDUP(I31*0.05,0),IF(I31<=200,5+ROUNDUP((I31-100)*0.03,0),IF(I31<=500,8+ROUNDUP((I31-200)*0.02,0),14+ROUNDUP((I31-500)*0.01,0)))) -> 1 | J35: =IF(J31<=100,ROUNDUP(J31*0.05,0),IF(J31<=200,5+ROUNDUP((J31-100)*0.03,0),IF(J31<=500,8+ROUNDUP((J31-200)*0.02,0),14+ROUNDUP((J31-500)*0.01,0)))) -> 3 | K35: =IF(K31<=100,ROUNDUP(K31*0.05,0),IF(K31<=200,5+ROUNDUP((K31-100)*0.03,0),IF(K31<=500,8+ROUNDUP((K31-200)*0.02,0),14+ROUNDUP((K31-500)*0.01,0)))) -> 2 | L35: =IF(L31<=100,ROUNDUP(L31*0.05,0),IF(L31<=200,5+ROUNDUP((L31-100)*0.03,0),IF(L31<=500,8+ROUNDUP((L31-200)*0.02,0),14+ROUNDUP((L31-500)*0.01,0)))) -> 1 | M35: =IF(M31<=100,ROUNDUP(M31*0.05,0),IF(M31<=200,5+ROUNDUP((M31-100)*0.03,0),IF(M31<=500,8+ROUNDUP((M31-200)*0.02,0),14+ROUNDUP((M31-500)*0.01,0)))) -> 3 | ... Q35: =IF(Q31<=100,ROUNDUP(Q31*0.05,0),IF(Q31<=200,5+ROUNDUP((Q31-100)*0.03,0),IF(Q31<=500,8+ROUNDUP((Q31-200)*0.02,0),14+ROUNDUP((Q31-500)*0.01,0)))) -> #N/A
B36: Функциональное назначение объекта | C36: Жилое назначение
B37: Показатель суммарной поэтажной площади объекта на одно место остановки в соответствии с таблицей к Приложению 8 | C37: S1 | D37: =LOOKUP(C36,Таблицы!B148:B153,Таблицы!D148:D153) -> 22100 | F37: =$D37 -> 22100 | G37: =$D37 -> 22100 | H37: =$D37 -> 22100 | I37: =$D37 -> 22100 | J37: =$D37 -> 22100 | K37: =$D37 -> 22100 | L37: =$D37 -> 22100 | M37: =$D37 -> 22100 | ... Q37: =$D37 -> 22100
A38: =ROUNDUP((D8/D37),0) -> 3 | B38: ="Nк = S/S1 = ("&D8&" / "&D37&") ="&ROUNDUP((D8/D37),0)&" (шт.)" -> Nк = S/S1 = (51539.3 / 22100) =3 (шт.) | F38: =ROUNDUP((F8/F37),0) -> 2 | G38: =ROUNDUP((G8/G37),0) -> 3 | H38: =ROUNDUP((H8/H37),0) -> 2 | I38: =ROUNDUP((I8/I37),0) -> 1 | J38: =ROUNDUP((J8/J37),0) -> 3 | K38: =ROUNDUP((K8/K37),0) -> 2 | L38: =ROUNDUP((L8/L37),0) -> 2 | M38: =ROUNDUP((M8/M37),0) -> 3 | ... Q38: =ROUNDUP((Q8/Q37),0) -> 0
B39: Функциональное назначение объекта | C39: Встроенно-пристроенные помещения коммерческого использования на первых этажах
B40: Показатель суммарной поэтажной площади объекта на одно место остановки в соответствии с таблицей к Приложению 8 | C40: S1 | D40: =LOOKUP(C39,Таблицы!B148:B153,Таблицы!D148:D153) -> 450 | F40: =$D40 -> 450 | G40: =$D40 -> 450 | H40: =$D40 -> 450 | I40: =$D40 -> 450 | J40: =$D40 -> 450 | K40: =$D40 -> 450 | L40: =$D40 -> 450 | M40: =$D40 -> 450 | ... Q40: =$D40 -> 450
A41: =IF(ROUNDUP(D11/D40,0)>4,4,ROUNDUP(D11/D40,0)) -> 4 | B41: ="Nк = S/S1 = ("&D11&" / "&D40&") = "&IF(ROUNDUP(D11/D40,0)>4,4,ROUNDUP(D11/D40,0))&" (шт.) - не далее 150 метров от входной группы (в случае двух и более входных групп - до одной из них) (требуется не менее 1м/м и не более 4 м/м)" -> Nк = S/S1 = (4048 / 450) = 4 (шт.) - не далее 150 метров от входной группы (в случае двух и более входных групп - до одной из них) (требуется не менее 1м/м и не более 4 м/м) | F41: =IF(ROUNDUP(F11/F40,0)>4,4,ROUNDUP(F11/F40,0)) -> 4 | G41: =IF(ROUNDUP(G11/G40,0)>4,4,ROUNDUP(G11/G40,0)) -> 4 | H41: =IF(ROUNDUP(H11/H40,0)>4,4,ROUNDUP(H11/H40,0)) -> 3 | I41: =IF(ROUNDUP(I11/I40,0)>4,4,ROUNDUP(I11/I40,0)) -> 4 | J41: =IF(ROUNDUP(J11/J40,0)>4,4,ROUNDUP(J11/J40,0)) -> 4 | K41: =IF(ROUNDUP(K11/K40,0)>4,4,ROUNDUP(K11/K40,0)) -> 4 | L41: =IF(ROUNDUP(L11/L40,0)>4,4,ROUNDUP(L11/L40,0)) -> 3 | M41: =IF(ROUNDUP(M11/M40,0)>4,4,ROUNDUP(M11/M40,0)) -> 4 | ... Q41: =IF(ROUNDUP(Q11/Q40,0)>4,4,ROUNDUP(Q11/Q40,0)) -> 0
A42: =A38+A41 -> 7 | B42: ="Всего требуется: Nк = ("&A38&" + "&A41&") = "&A38+A41&" (шт.)" -> Всего требуется: Nк = (3 + 4) = 7 (шт.) | F42: =F38+F41 -> 6 | G42: =G38+G41 -> 7 | H42: =H38+H41 -> 5 | I42: =I38+I41 -> 5 | J42: =J38+J41 -> 7 | K42: =K38+K41 -> 6 | L42: =L38+L41 -> 5 | M42: =M38+M41 -> 7 | ... Q42: =Q38+Q41 -> 0
B43: Итого, по расчёту
B44: 1. % электромобилей (по году РНС) | C44: % | D44: =LOOKUP($B$1,E$1:AT$1,E44:AT44) -> 10 | F44: =LOOKUP(F5,Таблицы!$B$157:$B$159,Таблицы!$C$157:$C$159) -> 15 | G44: =LOOKUP(G5,Таблицы!$B$157:$B$159,Таблицы!$C$157:$C$159) -> 15 | H44: =LOOKUP(H5,Таблицы!$B$157:$B$159,Таблицы!$C$157:$C$159) -> 15 | I44: =LOOKUP(I5,Таблицы!$B$157:$B$159,Таблицы!$C$157:$C$159) -> 15 | J44: =LOOKUP(J5,Таблицы!$B$157:$B$159,Таблицы!$C$157:$C$159) -> 10 | K44: =LOOKUP(K5,Таблицы!$B$157:$B$159,Таблицы!$C$157:$C$159) -> 10 | L44: =LOOKUP(L5,Таблицы!$B$157:$B$159,Таблицы!$C$157:$C$159) -> 15 | M44: =LOOKUP(M5,Таблицы!$B$157:$B$159,Таблицы!$C$157:$C$159) -> 15 | ... Q44: =LOOKUP(Q5,Таблицы!$B$157:$B$159,Таблицы!$C$157:$C$159) -> #N/A
B45: ="2. Всего требуется разместить стоянок и остановок (из которых "&D44&"% - машиноместа с зарядными станциями для электромобилей, включая инфраструктуру для установки зарядного устройства)" -> 2. Всего требуется разместить стоянок и остановок (из которых 10% - машиноместа с зарядными станциями для электромобилей, включая инфраструктуру для установки зарядного устройства) | C45: N | D45: =LOOKUP($B$1,E$1:AT$1,E45:AT45) -> 491 - всего; (51 - для электромобилей) | F45: =""&F20+F25+F31+F42&" - всего; ("&ROUNDUP((F20)*F44/100,0)+ROUNDUP((F25)*F44/100,0)+ROUNDUP((F31)*F44/100,0)&" - для электромобилей)" -> 305 - всего; (46 - для электромобилей) | G45: =""&G20+G25+G31+G42&" - всего; ("&ROUNDUP((G20)*G44/100,0)+ROUNDUP((G25)*G44/100,0)+ROUNDUP((G31)*G44/100,0)&" - для электромобилей)" -> 441 - всего; (66 - для электромобилей) | H45: =""&H20+H25+H31+H42&" - всего; ("&ROUNDUP((H20)*H44/100,0)+ROUNDUP((H25)*H44/100,0)+ROUNDUP((H31)*H44/100,0)&" - для электромобилей)" -> 276 - всего; (42 - для электромобилей) | I45: =""&I20+I25+I31+I42&" - всего; ("&ROUNDUP((I20)*I44/100,0)+ROUNDUP((I25)*I44/100,0)+ROUNDUP((I31)*I44/100,0)&" - для электромобилей)" -> 169 - всего; (27 - для электромобилей) | J45: =""&J20+J25+J31+J42&" - всего; ("&ROUNDUP((J20)*J44/100,0)+ROUNDUP((J25)*J44/100,0)+ROUNDUP((J31)*J44/100,0)&" - для электромобилей)" -> 491 - всего; (51 - для электромобилей) | K45: =""&K20+K25+K31+K42&" - всего; ("&ROUNDUP((K20)*K44/100,0)+ROUNDUP((K25)*K44/100,0)+ROUNDUP((K31)*K44/100,0)&" - для электромобилей)" -> 276 - всего; (28 - для электромобилей) | L45: =""&L20+L25+L31+L42&" - всего; ("&ROUNDUP((L20)*L44/100,0)+ROUNDUP((L25)*L44/100,0)+ROUNDUP((L31)*L44/100,0)&" - для электромобилей)" -> 220 - всего; (33 - для электромобилей) | M45: =""&M20+M25+M31+M42&" - всего; ("&ROUNDUP((M20)*M44/100,0)+ROUNDUP((M25)*M44/100,0)+ROUNDUP((M31)*M44/100,0)&" - для электромобилей)" -> 529 - всего; (80 - для электромобилей) | ... Q45: =""&Q20+Q25+Q31+Q42&" - всего; ("&ROUNDUP((Q20)*Q44/100,0)+ROUNDUP((Q25)*Q44/100,0)+ROUNDUP((Q31)*Q44/100,0)&" - для электромобилей)" -> #N/A
B46: ="3. Всего требуется разместить стоянок и остановок с учётом отклонений в меньшую сторону без прохождения ГЗК (из которых "&D44&"% - машиноместа с зарядными станциями для электромобилей, включая инфраструктуру для установки зарядного устройства)" -> 3. Всего требуется разместить стоянок и остановок с учётом отклонений в меньшую сторону без прохождения ГЗК (из которых 10% - машиноместа с зарядными станциями для электромобилей, включая инфраструктуру для установки зарядного устройства) | C46: N (допустимое отклонение) | D46: =LOOKUP($B$1,E$1:AT$1,E46:AT46) -> 435 - всего; (44 - для электромобилей) | F46: =""&F21+F26+F32+F42&" - всего; ("&ROUNDUP((F21)*F44/100,0)+ROUNDUP((F26)*F44/100,0)+ROUNDUP((F32)*F44/100,0)&" - для электромобилей)" -> 272 - всего; (41 - для электромобилей) | G46: =""&G21+G26+G32+G42&" - всего; ("&ROUNDUP((G21)*G44/100,0)+ROUNDUP((G26)*G44/100,0)+ROUNDUP((G32)*G44/100,0)&" - для электромобилей)" -> 394 - всего; (60 - для электромобилей) | H46: =""&H21+H26+H32+H42&" - всего; ("&ROUNDUP((H21)*H44/100,0)+ROUNDUP((H26)*H44/100,0)+ROUNDUP((H32)*H44/100,0)&" - для электромобилей)" -> 248 - всего; (38 - для электромобилей) | I46: =""&I21+I26+I32+I42&" - всего; ("&ROUNDUP((I21)*I44/100,0)+ROUNDUP((I26)*I44/100,0)+ROUNDUP((I32)*I44/100,0)&" - для электромобилей)" -> 151 - всего; (23 - для электромобилей) | J46: =""&J21+J26+J32+J42&" - всего; ("&ROUNDUP((J21)*J44/100,0)+ROUNDUP((J26)*J44/100,0)+ROUNDUP((J32)*J44/100,0)&" - для электромобилей)" -> 435 - всего; (44 - для электромобилей) | K46: =""&K21+K26+K32+K42&" - всего; ("&ROUNDUP((K21)*K44/100,0)+ROUNDUP((K26)*K44/100,0)+ROUNDUP((K32)*K44/100,0)&" - для электромобилей)" -> 244 - всего; (24 - для электромобилей) | L46: =""&L21+L26+L32+L42&" - всего; ("&ROUNDUP((L21)*L44/100,0)+ROUNDUP((L26)*L44/100,0)+ROUNDUP((L32)*L44/100,0)&" - для электромобилей)" -> 198 - всего; (30 - для электромобилей) | M46: =""&M21+M26+M32+M42&" - всего; ("&ROUNDUP((M21)*M44/100,0)+ROUNDUP((M26)*M44/100,0)+ROUNDUP((M32)*M44/100,0)&" - для электромобилей)" -> 468 - всего; (71 - для электромобилей) | ... Q46: =""&Q21+Q26+Q32+Q42&" - всего; ("&ROUNDUP((Q21)*Q44/100,0)+ROUNDUP((Q26)*Q44/100,0)+ROUNDUP((Q32)*Q44/100,0)&" - для электромобилей)" -> #N/A
B47: "4. Всего требуется разместить стоянок и остановок с учётом отклонений в большую сторону без прохождения ГЗК (из которых "&D48&"% - машиноместа с зарядными станциями для электромобилей, включая инфраструктуру для установки зарядного устройства)" | C47: N (допустимое отклонение) | D47: =LOOKUP($B$1,E$1:AT$1,E47:AT47) -> 547 - всего; (56 - для электромобилей) | F47: =""&F22+F27+F33+F42&" - всего; ("&ROUNDUP((F22)*F44/100,0)+ROUNDUP((F27)*F44/100,0)+ROUNDUP((F33)*F44/100,0)&" - для электромобилей)" -> 338 - всего; (52 - для электромобилей) | G47: =""&G22+G27+G33+G42&" - всего; ("&ROUNDUP((G22)*G44/100,0)+ROUNDUP((G27)*G44/100,0)+ROUNDUP((G33)*G44/100,0)&" - для электромобилей)" -> 488 - всего; (74 - для электромобилей) | H47: =""&H22+H27+H33+H42&" - всего; ("&ROUNDUP((H22)*H44/100,0)+ROUNDUP((H27)*H44/100,0)+ROUNDUP((H33)*H44/100,0)&" - для электромобилей)" -> 304 - всего; (46 - для электромобилей) | I47: =""&I22+I27+I33+I42&" - всего; ("&ROUNDUP((I22)*I44/100,0)+ROUNDUP((I27)*I44/100,0)+ROUNDUP((I33)*I44/100,0)&" - для электромобилей)" -> 187 - всего; (29 - для электромобилей) | J47: =""&J22+J27+J33+J42&" - всего; ("&ROUNDUP((J22)*J44/100,0)+ROUNDUP((J27)*J44/100,0)+ROUNDUP((J33)*J44/100,0)&" - для электромобилей)" -> 547 - всего; (56 - для электромобилей) | K47: =""&K22+K27+K33+K42&" - всего; ("&ROUNDUP((K22)*K44/100,0)+ROUNDUP((K27)*K44/100,0)+ROUNDUP((K33)*K44/100,0)&" - для электромобилей)" -> 308 - всего; (32 - для электромобилей) | L47: =""&L22+L27+L33+L42&" - всего; ("&ROUNDUP((L22)*L44/100,0)+ROUNDUP((L27)*L44/100,0)+ROUNDUP((L33)*L44/100,0)&" - для электромобилей)" -> 242 - всего; (37 - для электромобилей) | M47: =""&M22+M27+M33+M42&" - всего; ("&ROUNDUP((M22)*M44/100,0)+ROUNDUP((M27)*M44/100,0)+ROUNDUP((M33)*M44/100,0)&" - для электромобилей)" -> 590 - всего; (89 - для электромобилей) | ... Q47: =""&Q22+Q27+Q33+Q42&" - всего; ("&ROUNDUP((Q22)*Q44/100,0)+ROUNDUP((Q27)*Q44/100,0)+ROUNDUP((Q33)*Q44/100,0)&" - для электромобилей)" -> #N/A
A48: 32 | B48: ="5. Площадь подземной автостоянки при обеспечености "&A48&" кв.м/м.м (минимальная площадь, требуется подтверждение АР)" -> 5. Площадь подземной автостоянки при обеспечености 32 кв.м/м.м (минимальная площадь, требуется подтверждение АР) | C48: S_стоянки | D48: =LOOKUP($B$1,E$1:AT$1,E48:AT48) -> 14944 | F48: =ROUNDUP((F59)*$A48,0) -> 9760 | G48: =ROUNDUP((G59)*$A48,0) -> 13120 | H48: =ROUNDUP((H59)*$A48,0) -> 8352 | I48: =ROUNDUP((I59)*$A48,0) -> 4896 | J48: =ROUNDUP((J59)*$A48,0) -> 14944 | K48: =ROUNDUP((K59)*$A48,0) -> 8832 | L48: =ROUNDUP((L59)*$A48,0) -> 7040 | M48: =ROUNDUP((M59)*$A48,0) -> 16928 | ... Q48: =ROUNDUP((Q59)*$A48,0) -> #N/A
A49: =A48/2 -> 16 | B49: 6. То же, в два уровня | C49: S_стоянки_2ур. | D49: =LOOKUP($B$1,E$1:AT$1,E49:AT49) -> 7472 | F49: =ROUNDUP((F59)*$A49,0) -> 4880 | G49: =ROUNDUP((G59)*$A49,0) -> 6560 | H49: =ROUNDUP((H59)*$A49,0) -> 4176 | I49: =ROUNDUP((I59)*$A49,0) -> 2448 | J49: =ROUNDUP((J59)*$A49,0) -> 7472 | K49: =ROUNDUP((K59)*$A49,0) -> 4416 | L49: =ROUNDUP((L59)*$A49,0) -> 3520 | M49: =ROUNDUP((M59)*$A49,0) -> 8464 | ... Q49: =ROUNDUP((Q59)*$A49,0) -> #N/A
B50: 7. Фактическое расположение на участке и УДС м/м, в т.ч.: | C50: F | D50: =LOOKUP($B$1,E$1:AT$1,E50:AT50) -> 24 | F50: =SUM(F51:F58) -> 0 | G50: =SUM(G51:G58) -> 31 | H50: =SUM(H51:H58) -> 15 | I50: =SUM(I51:I58) -> 16 | J50: =SUM(J51:J58) -> 24 | K50: =SUM(K51:K58) -> 0 | L50: =SUM(L51:L58) -> 0 | M50: =SUM(M51:M58) -> 0 | ... Q50: =SUM(Q51:Q58) -> 0
B51: На территории земельного участка - места остановки | C51: Fз(о) | D51: =LOOKUP($B$1,E$1:AT$1,E51:AT51) -> 0 | F51: 0 | G51: 0 | H51: 0 | I51: 0 | J51: 0 | K51: 0 | L51: 0 | M51: 0 | N51: 0 | O51: 0 | P51: 0 | Q51: 0
B52: На территории земельного участка - гостевые МГН | C52: Fз(г,мгн) | D52: =LOOKUP($B$1,E$1:AT$1,E52:AT52) -> 0 | F52: 0 | G52: 0 | H52: 0 | I52: 0 | J52: 0 | K52: 0 | L52: 0 | M52: 0 | N52: 0 | O52: 0 | P52: 0 | Q52: 0
B53: На территории земельного участка - приобъектные МГН | C53: Fз(в,мгн) | D53: =LOOKUP($B$1,E$1:AT$1,E53:AT53) -> 1 | F53: 0 | G53: 0 | H53: 0 | I53: 0 | J53: 1 | K53: 0 | L53: 0 | M53: 0 | N53: 0 | O53: 0 | P53: 0 | Q53: 0
B54: На территории УДС с прилегающей к участку стороне - места остановок | C54: Fу(о) | D54: =LOOKUP($B$1,E$1:AT$1,E54:AT54) -> 7 | F54: 0 | G54: 6 | H54: 2 | I54: 4 | J54: 7 | K54: 0 | L54: 0 | M54: 0 | N54: 0 | O54: 0 | P54: 0 | Q54: 0
B55: На территории УДС с прилегающей к участку стороне - гостевые (без учёта МГН) | C55: Fу(г) | D55: =LOOKUP($B$1,E$1:AT$1,E55:AT55) -> 6 | F55: 0 | G55: 13 | H55: 7 | I55: 6 | J55: 6 | K55: 0 | L55: 0 | M55: 0 | N55: 0 | O55: 0 | P55: 0 | Q55: 0
B56: На территории УДС с прилегающей к участку стороне - гостевые МГН | C56: Fу(г,мгн) | D56: =LOOKUP($B$1,E$1:AT$1,E56:AT56) -> 3 | F56: 0 | G56: 2 | H56: 1 | I56: 1 | J56: 3 | K56: 0 | L56: 0 | M56: 0 | N56: 0 | O56: 0 | P56: 0 | Q56: 0
B57: На территории УДС с прилегающей к участку стороне - приобъектные (без учёта МГН) | C57: Fу(в) | D57: =LOOKUP($B$1,E$1:AT$1,E57:AT57) -> 4 | F57: 0 | G57: 6 | H57: 4 | I57: 2 | J57: 4 | K57: 0 | L57: 0 | M57: 0 | N57: 0 | O57: 0 | P57: 0 | Q57: 0
B58: На территории УДС с прилегающей к участку стороне - приобъектные МГН | C58: Fу(в,мгн) | D58: =LOOKUP($B$1,E$1:AT$1,E58:AT58) -> 3 | F58: 0 | G58: 4 | H58: 1 | I58: 3 | J58: 3 | K58: 0 | L58: 0 | M58: 0 | N58: 0 | O58: 0 | P58: 0 | Q58: 0
A59: =A20+A25+A31-F50 -> 484 | B59: 8. Требуется разместить в подземной автостоянке: N=Nп+Nг+Nв-Nо-F | C59: N | D59: =LOOKUP($B$1,E$1:AT$1,E59:AT59) -> 467 | F59: =SUM(F60:F68) -> 305 | G59: =SUM(G60:G68) -> 410 | H59: =SUM(H60:H68) -> 261 | I59: =SUM(I60:I68) -> 153 | J59: =SUM(J60:J68) -> 467 | K59: =SUM(K60:K68) -> 276 | L59: =SUM(L60:L68) -> 220 | M59: =SUM(M60:M68) -> 529 | ... Q59: =SUM(Q60:Q68) -> #N/A
B60: П1. постоянные (без учёта электромобилей) - не далее 1200м | D60: =LOOKUP($B$1,E$1:AT$1,E60:AT60) -> 361 | F60: =F20-F61 -> 213 | G60: =G20-G61 -> 315 | H60: =H20-H61 -> 199 | I60: =I20-I61 -> 115 | J60: =J20-J61 -> 361 | K60: =K20-K61 -> 198 | L60: =L20-L61 -> 155 | M60: =M20-M61 -> 365 | ... Q60: =Q20-Q61 -> #N/A
B61: П2. постоянные (электромобили) - не далее 1200м | D61: =LOOKUP($B$1,E$1:AT$1,E61:AT61) -> 41 | F61: =ROUNDUP(F20*F44/100,0) -> 38 | G61: =ROUNDUP(G20*G44/100,0) -> 56 | H61: =ROUNDUP(H20*H44/100,0) -> 36 | I61: =ROUNDUP(I20*I44/100,0) -> 21 | J61: =ROUNDUP(J20*J44/100,0) -> 41 | K61: =ROUNDUP(K20*K44/100,0) -> 22 | L61: =ROUNDUP(L20*L44/100,0) -> 28 | M61: =ROUNDUP(M20*M44/100,0) -> 65 | ... Q61: =ROUNDUP(Q20*Q44/100,0) -> #N/A
B62: Г1. гостевые (без учёта МГН и электромобилей) - в подземной - не далее 200м | D62: =LOOKUP($B$1,E$1:AT$1,E62:AT62) -> 25 | F62: =F25-F64-F52-F55-F56-F63 -> 19 | G62: =G25-G64-G52-G55-G56-G63 -> 15 | H62: =H25-H64-H52-H55-H56-H63 -> 10 | I62: =I25-I64-I52-I55-I56-I63 -> 3 | J62: =J25-J64-J52-J55-J56-J63 -> 25 | K62: =K25-K64-K52-K55-K56-K63 -> 16 | L62: =L25-L64-L52-L55-L56-L63 -> 14 | M62: =M25-M64-M52-M55-M56-M63 -> 31 | ... Q62: =Q25-Q64-Q52-Q55-Q56-Q63 -> #N/A
B63: Г2. гостевые (электромобили) - в подземной - не далее 200м | D63: =LOOKUP($B$1,E$1:AT$1,E63:AT63) -> 5 | F63: =ROUNDUP(F25*F$44/100,0) -> 4 | G63: =ROUNDUP(G25*G$44/100,0) -> 6 | H63: =ROUNDUP(H25*H$44/100,0) -> 4 | I63: =ROUNDUP(I25*I$44/100,0) -> 3 | J63: =ROUNDUP(J25*J$44/100,0) -> 5 | K63: =ROUNDUP(K25*K$44/100,0) -> 3 | L63: =ROUNDUP(L25*L$44/100,0) -> 3 | M63: =ROUNDUP(M25*M$44/100,0) -> 7 | ... Q63: =ROUNDUP(Q25*Q$44/100,0) -> #N/A
B64: Г3. гостевые (МГН) - в подземной - не далее 100м по СП59 | D64: =LOOKUP($B$1,E$1:AT$1,E64:AT64) -> 2 | F64: =IF((ROUNDUP(F25*0.1,0)-F52-F56)<0,0,(ROUNDUP(F25*0.1,0)-F52-F56)) -> 3 | G64: =IF((ROUNDUP(G25*0.1,0)-G52-G56)<0,0,(ROUNDUP(G25*0.1,0)-G52-G56)) -> 2 | H64: =IF((ROUNDUP(H25*0.1,0)-H52-H56)<0,0,(ROUNDUP(H25*0.1,0)-H52-H56)) -> 2 | I64: =IF((ROUNDUP(I25*0.1,0)-I52-I56)<0,0,(ROUNDUP(I25*0.1,0)-I52-I56)) -> 1 | J64: =IF((ROUNDUP(J25*0.1,0)-J52-J56)<0,0,(ROUNDUP(J25*0.1,0)-J52-J56)) -> 2 | K64: =IF((ROUNDUP(K25*0.1,0)-K52-K56)<0,0,(ROUNDUP(K25*0.1,0)-K52-K56)) -> 3 | L64: =IF((ROUNDUP(L25*0.1,0)-L52-L56)<0,0,(ROUNDUP(L25*0.1,0)-L52-L56)) -> 2 | M64: =IF((ROUNDUP(M25*0.1,0)-M52-M56)<0,0,(ROUNDUP(M25*0.1,0)-M52-M56)) -> 5 | ... Q64: =IF((ROUNDUP(Q25*0.1,0)-Q52-Q56)<0,0,(ROUNDUP(Q25*0.1,0)-Q52-Q56)) -> #N/A
B65: В1. приобъектные (без учёта МГН и электромобилей) - в подземной - не далее 200м | D65: =LOOKUP($B$1,E$1:AT$1,E65:AT65) -> 27 | F65: =F31-F67-F53-F57-F58-F66 -> 15 | G65: =G31-G67-G53-G57-G58-G66 -> 11 | H65: =H31-H67-H53-H57-H58-H66 -> 4 | I65: =I31-I67-I53-I57-I58-I66 -> 6 | J65: =J31-J67-J53-J57-J58-J66 -> 27 | K65: =K31-K67-K53-K57-K58-K66 -> 22 | L65: =L31-L67-L53-L57-L58-L66 -> 9 | M65: =M31-M67-M53-M57-M58-M66 -> 36 | ... Q65: =Q31-Q67-Q53-Q57-Q58-Q66 -> #N/A
B66: В2. приобъектные (электромобили) - в подземной - не далее 200м | D66: =LOOKUP($B$1,E$1:AT$1,E66:AT66) -> 5 | F66: =ROUNDUP((F31)*F$44/100,0) -> 4 | G66: =ROUNDUP((G31)*G44/100,0) -> 4 | H66: =ROUNDUP((H31)*H44/100,0) -> 2 | I66: =ROUNDUP((I31)*I44/100,0) -> 3 | J66: =ROUNDUP((J31)*J44/100,0) -> 5 | K66: =ROUNDUP((K31)*K44/100,0) -> 3 | L66: =ROUNDUP((L31)*L44/100,0) -> 2 | M66: =ROUNDUP((M31)*M44/100,0) -> 8 | N66: =ROUNDUP((N31)*N44/100,0) -> 6 | ... Q66: =ROUNDUP((Q31)*Q44/100,0) -> #N/A
B67: В3. приобъектные (МГН)- в подземной - не далее 50м по СП59 | D67: =LOOKUP($B$1,E$1:AT$1,E67:AT67) -> 1 | F67: =IF((ROUNDUP(F31*0.1,0)-F53-F58)<0,0,ROUNDUP(F31*0.1,0)-F53-F58) -> 3 | G67: =IF((ROUNDUP(G31*0.1,0)-G53-G58)<0,0,ROUNDUP(G31*0.1,0)-G53-G58) -> 0 | H67: =IF((ROUNDUP(H31*0.1,0)-H53-H58)<0,0,ROUNDUP(H31*0.1,0)-H53-H58) -> 1 | I67: =IF((ROUNDUP(I31*0.1,0)-I53-I58)<0,0,ROUNDUP(I31*0.1,0)-I53-I58) -> 0 | J67: =IF((ROUNDUP(J31*0.1,0)-J53-J58)<0,0,ROUNDUP(J31*0.1,0)-J53-J58) -> 1 | K67: =IF((ROUNDUP(K31*0.1,0)-K53-K58)<0,0,ROUNDUP(K31*0.1,0)-K53-K58) -> 3 | L67: =IF((ROUNDUP(L31*0.1,0)-L53-L58)<0,0,ROUNDUP(L31*0.1,0)-L53-L58) -> 2 | M67: =IF((ROUNDUP(M31*0.1,0)-M53-M58)<0,0,ROUNDUP(M31*0.1,0)-M53-M58) -> 5 | ... Q67: =IF((ROUNDUP(Q31*0.1,0)-Q53-Q58)<0,0,ROUNDUP(Q31*0.1,0)-Q53-Q58) -> #N/A
B68: МО. места остановок - в подземной - не далее 150м | D68: =LOOKUP($B$1,E$1:AT$1,E68:AT68) -> 0 | F68: =IF(F42-F51-F54<0,0,F42-F51-F54) -> 6 | G68: =IF(G42-G51-G54<0,0,G42-G51-G54) -> 1 | H68: =IF(H42-H51-H54<0,0,H42-H51-H54) -> 3 | I68: =IF(I42-I51-I54<0,0,I42-I51-I54) -> 1 | J68: =IF(J42-J51-J54<0,0,J42-J51-J54) -> 0 | K68: =IF(K42-K51-K54<0,0,K42-K51-K54) -> 6 | L68: =IF(L42-L51-L54<0,0,L42-L51-L54) -> 5 | M68: =IF(M42-M51-M54<0,0,M42-M51-M54) -> 7 | ... Q68: =IF(Q42-Q51-Q54<0,0,Q42-Q51-Q54) -> 0
B69: Итого запроектировано | D69: =LOOKUP($B$1,E$1:AT$1,E69:AT69) -> 491 | F69: =F59+F50 -> 305 | G69: =G59+G50 -> 441 | H69: =H59+H50 -> 276 | I69: =I59+I50 -> 169 | J69: =J59+J50 -> 491 | K69: =K59+K50 -> 276 | L69: =L59+L50 -> 220 | M69: =M59+M50 -> 529 | ... Q69: =Q59+Q50 -> #N/A
A70: =A21+A26-A28+A32-A34 -> 418 | B70: 9. Допустимо разместить в подземной автостоянки с учётом допустимого отклонения в меньшую сторону: N=(Nп-10%)+(Nг-10%)+(Nв-30%)+(Nо)-F | C70: N (допустимое отклонение) | D70: =LOOKUP($B$1,E$1:AT$1,E70:AT70) -> 411 | F70: =SUM(F71:F79) -> 272 | G70: =SUM(G71:G79) -> 363 | H70: =SUM(H71:H79) -> 233 | I70: =SUM(I71:I79) -> 135 | J70: =SUM(J71:J79) -> 411 | K70: =SUM(K71:K79) -> 244 | L70: =SUM(L71:L79) -> 198 | M70: =SUM(M71:M79) -> 468 | ... Q70: =SUM(Q71:Q79) -> #N/A
A71: =A22+A27-A28+A33-A34 -> 530 | B71: П1. постоянные (без учёта электромобилей) - не далее 1200м | D71: =LOOKUP($B$1,E$1:AT$1,E71:AT71) -> 325 | F71: =F21-F72 -> 192 | G71: =G21-G72 -> 283 | H71: =H21-H72 -> 180 | I71: =I21-I72 -> 104 | J71: =J21-J72 -> 325 | K71: =K21-K72 -> 178 | L71: =L21-L72 -> 140 | M71: =M21-M72 -> 328 | ... Q71: =Q21-Q72 -> #N/A
B72: П2. постоянные (электромобили) - не далее 1200м | D72: =LOOKUP($B$1,E$1:AT$1,E72:AT72) -> 37 | F72: =ROUNDUP(F21*F$44/100,0) -> 34 | G72: =ROUNDUP(G21*G$44/100,0) -> 51 | H72: =ROUNDUP(H21*H$44/100,0) -> 32 | I72: =ROUNDUP(I21*I$44/100,0) -> 19 | J72: =ROUNDUP(J21*J$44/100,0) -> 37 | K72: =ROUNDUP(K21*K$44/100,0) -> 20 | L72: =ROUNDUP(L21*L$44/100,0) -> 25 | M72: =ROUNDUP(M21*M$44/100,0) -> 59 | ... Q72: =ROUNDUP(Q21*Q$44/100,0) -> #N/A
B73: Г1. гостевые (без учёта МГН и электромобилей) - в подземной - не далее 200м | D73: =LOOKUP($B$1,E$1:AT$1,E73:AT73) -> 23 | F73: =F26-F75-F52-F55-F56-F74 -> 17 | G73: =G26-G75-G52-G55-G56-G74 -> 12 | H73: =H26-H75-H52-H55-H56-H74 -> 8 | I73: =I26-I75-I52-I55-I56-I74 -> 3 | J73: =J26-J75-J52-J55-J56-J74 -> 23 | K73: =K26-K75-K52-K55-K56-K74 -> 16 | L73: =L26-L75-L52-L55-L56-L74 -> 13 | M73: =M26-M75-M52-M55-M56-M74 -> 29 | ... Q73: =Q26-Q75-Q52-Q55-Q56-Q74 -> #N/A
B74: Г2. гостевые (электромобили) - в подземной - не далее 200м | D74: =LOOKUP($B$1,E$1:AT$1,E74:AT74) -> 4 | F74: =ROUNDUP(F26*F$44/100,0) -> 4 | G74: =ROUNDUP(G26*G$44/100,0) -> 6 | H74: =ROUNDUP(H26*H$44/100,0) -> 4 | I74: =ROUNDUP(I26*I$44/100,0) -> 2 | J74: =ROUNDUP(J26*J$44/100,0) -> 4 | K74: =ROUNDUP(K26*K$44/100,0) -> 2 | L74: =ROUNDUP(L26*L$44/100,0) -> 3 | M74: =ROUNDUP(M26*M$44/100,0) -> 6 | ... Q74: =ROUNDUP(Q26*Q$44/100,0) -> #N/A
B75: Г3. гостевые (МГН) - в подземной - не далее 100м по СП59 | D75: =LOOKUP($B$1,E$1:AT$1,E75:AT75) -> 1 | F75: =IF((ROUNDUP(F26*0.1,0)-F52-F56)<0,0,(ROUNDUP(F26*0.1,0)-F52-F56)) -> 3 | G75: =IF((ROUNDUP(G26*0.1,0)-G52-G56)<0,0,(ROUNDUP(G26*0.1,0)-G52-G56)) -> 2 | H75: =IF((ROUNDUP(H26*0.1,0)-H52-H56)<0,0,(ROUNDUP(H26*0.1,0)-H52-H56)) -> 2 | I75: =IF((ROUNDUP(I26*0.1,0)-I52-I56)<0,0,(ROUNDUP(I26*0.1,0)-I52-I56)) -> 1 | J75: =IF((ROUNDUP(J26*0.1,0)-J52-J56)<0,0,(ROUNDUP(J26*0.1,0)-J52-J56)) -> 1 | K75: =IF((ROUNDUP(K26*0.1,0)-K52-K56)<0,0,(ROUNDUP(K26*0.1,0)-K52-K56)) -> 2 | L75: =IF((ROUNDUP(L26*0.1,0)-L52-L56)<0,0,(ROUNDUP(L26*0.1,0)-L52-L56)) -> 2 | M75: =IF((ROUNDUP(M26*0.1,0)-M52-M56)<0,0,(ROUNDUP(M26*0.1,0)-M52-M56)) -> 4 | ... Q75: =IF((ROUNDUP(Q26*0.1,0)-Q52-Q56)<0,0,(ROUNDUP(Q26*0.1,0)-Q52-Q56)) -> #N/A
B76: В1. приобъектные (без учёта МГН и электромобилей) - в подземной - не далее 200м | D76: =LOOKUP($B$1,E$1:AT$1,E76:AT76) -> 18 | F76: =F32-F78-F53-F57-F58-F77 -> 11 | G76: =G32-G78-G53-G57-G58-G77 -> 5 | H76: =H32-H78-H53-H57-H58-H77 -> 2 | I76: =I32-I78-I53-I57-I58-I77 -> 3 | J76: =J32-J78-J53-J57-J58-J77 -> 18 | K76: =K32-K78-K53-K57-K58-K77 -> 16 | L76: =L32-L78-L53-L57-L58-L77 -> 7 | M76: =M32-M78-M53-M57-M58-M77 -> 25 | ... Q76: =Q32-Q78-Q53-Q57-Q58-Q77 -> #N/A
B77: В2. приобъектные (электромобили) - в подземной - не далее 200м | D77: =LOOKUP($B$1,E$1:AT$1,E77:AT77) -> 3 | F77: =ROUNDUP((F32)*F$44/100,0) -> 3 | G77: =ROUNDUP((G32)*G$44/100,0) -> 3 | H77: =ROUNDUP((H32)*H$44/100,0) -> 2 | I77: =ROUNDUP((I32)*I$44/100,0) -> 2 | J77: =ROUNDUP((J32)*J$44/100,0) -> 3 | K77: =ROUNDUP((K32)*K$44/100,0) -> 2 | L77: =ROUNDUP((L32)*L$44/100,0) -> 2 | M77: =ROUNDUP((M32)*M$44/100,0) -> 6 | ... Q77: =ROUNDUP((Q32)*Q$44/100,0) -> #N/A
B78: В3. приобъектные (МГН)- в подземной - не далее 50м по СП59 | D78: =LOOKUP($B$1,E$1:AT$1,E78:AT78) -> 0 | F78: =IF((ROUNDUP(F32*0.1,0)-F53-F58)<0,0,ROUNDUP(F32*0.1,0)-F53-F58) -> 2 | G78: =IF((ROUNDUP(G32*0.1,0)-G53-G58)<0,0,ROUNDUP(G32*0.1,0)-G53-G58) -> 0 | H78: =IF((ROUNDUP(H32*0.1,0)-H53-H58)<0,0,ROUNDUP(H32*0.1,0)-H53-H58) -> 0 | I78: =IF((ROUNDUP(I32*0.1,0)-I53-I58)<0,0,ROUNDUP(I32*0.1,0)-I53-I58) -> 0 | J78: =IF((ROUNDUP(J32*0.1,0)-J53-J58)<0,0,ROUNDUP(J32*0.1,0)-J53-J58) -> 0 | K78: =IF((ROUNDUP(K32*0.1,0)-K53-K58)<0,0,ROUNDUP(K32*0.1,0)-K53-K58) -> 2 | L78: =IF((ROUNDUP(L32*0.1,0)-L53-L58)<0,0,ROUNDUP(L32*0.1,0)-L53-L58) -> 1 | M78: =IF((ROUNDUP(M32*0.1,0)-M53-M58)<0,0,ROUNDUP(M32*0.1,0)-M53-M58) -> 4 | ... Q78: =IF((ROUNDUP(Q32*0.1,0)-Q53-Q58)<0,0,ROUNDUP(Q32*0.1,0)-Q53-Q58) -> #N/A
B79: МО. места остановок - в подземной - не далее 150м | D79: =LOOKUP($B$1,E$1:AT$1,E79:AT79) -> 0 | F79: =IF(F42-F51-F54<0,0,F42-F51-F54) -> 6 | G79: =IF(G42-G51-G54<0,0,G42-G51-G54) -> 1 | H79: =IF(H42-H51-H54<0,0,H42-H51-H54) -> 3 | I79: =IF(I42-I51-I54<0,0,I42-I51-I54) -> 1 | J79: =IF(J42-J51-J54<0,0,J42-J51-J54) -> 0 | K79: =IF(K42-K51-K54<0,0,K42-K51-K54) -> 6 | L79: =IF(L42-L51-L54<0,0,L42-L51-L54) -> 5 | M79: =IF(M42-M51-M54<0,0,M42-M51-M54) -> 7 | ... Q79: =IF(Q42-Q51-Q54<0,0,Q42-Q51-Q54) -> 0
B80: Итого запроектировано | D80: =LOOKUP($B$1,E$1:AT$1,E80:AT80) -> 435 | F80: =F70+F50 -> 272 | G80: =G70+G50 -> 394 | H80: =H70+H50 -> 248 | I80: =I70+I50 -> 151 | J80: =J70+J50 -> 435 | K80: =K70+K50 -> 244 | L80: =L70+L50 -> 198 | M80: =M70+M50 -> 468 | ... Q80: =Q70+Q50 -> #N/A
B81: 10. Допустимо разместить в подземной автостоянке с учётом допустимого отклонения в большую сторону: N=(Nп+10%)+(Nг+10%)+(Nв+30%)+(Nо)-F | C81: N (допустимое отклонение) | D81: =LOOKUP($B$1,E$1:AT$1,E71:AT71) -> 325 | F81: =SUM(F82:F90) -> 338 | G81: =SUM(G82:G90) -> 457 | H81: =SUM(H82:H90) -> 289 | I81: =SUM(I82:I90) -> 171 | J81: =SUM(J82:J90) -> 523 | K81: =SUM(K82:K90) -> 308 | L81: =SUM(L82:L90) -> 242 | M81: =SUM(M82:M90) -> 590 | ... Q81: =SUM(Q82:Q90) -> #N/A
B82: П1. постоянные (без учёта электромобилей) - не далее 1200м | D82: =LOOKUP($B$1,E$1:AT$1,E82:AT82) -> 397 | F82: =F22-F83 -> 234 | G82: =G22-G83 -> 346 | H82: =H22-H83 -> 219 | I82: =I22-I83 -> 126 | J82: =J22-J83 -> 397 | K82: =K22-K83 -> 217 | L82: =L22-L83 -> 170 | M82: =M22-M83 -> 402 | ... Q82: =Q22-Q83 -> #N/A
B83: П2. постоянные (электромобили) - не далее 1200м | D83: =LOOKUP($B$1,E$1:AT$1,E83:AT83) -> 45 | F83: =ROUNDUP(F22*F$44/100,0) -> 42 | G83: =ROUNDUP(G22*G$44/100,0) -> 62 | H83: =ROUNDUP(H22*H$44/100,0) -> 39 | I83: =ROUNDUP(I22*I$44/100,0) -> 23 | J83: =ROUNDUP(J22*J$44/100,0) -> 45 | K83: =ROUNDUP(K22*K$44/100,0) -> 25 | L83: =ROUNDUP(L22*L$44/100,0) -> 31 | M83: =ROUNDUP(M22*M$44/100,0) -> 71 | ... Q83: =ROUNDUP(Q22*Q$44/100,0) -> #N/A
B84: Г1. гостевые (без учёта МГН и электромобилей) - в подземной - не далее 200м | D84: =LOOKUP($B$1,E$1:AT$1,E84:AT84) -> 29 | F84: =F27-F86-F52-F55-F56-F85 -> 20 | G84: =G27-G86-G52-G55-G56-G85 -> 16 | H84: =H27-H86-H52-H55-H56-H85 -> 12 | I84: =I27-I86-I52-I55-I56-I85 -> 4 | J84: =J27-J86-J52-J55-J56-J85 -> 29 | K84: =K27-K86-K52-K55-K56-K85 -> 18 | L84: =L27-L86-L52-L55-L56-L85 -> 15 | M84: =M27-M86-M52-M55-M56-M85 -> 34 | ... Q84: =Q27-Q86-Q52-Q55-Q56-Q85 -> #N/A
B85: Г2. гостевые (электромобили) - в подземной - не далее 200м | D85: =LOOKUP($B$1,E$1:AT$1,E85:AT85) -> 5 | F85: =ROUNDUP(F27*F$44/100,0) -> 5 | G85: =ROUNDUP(G27*G$44/100,0) -> 7 | H85: =ROUNDUP(H27*H$44/100,0) -> 4 | I85: =ROUNDUP(I27*I$44/100,0) -> 3 | J85: =ROUNDUP(J27*J$44/100,0) -> 5 | K85: =ROUNDUP(K27*K$44/100,0) -> 3 | L85: =ROUNDUP(L27*L$44/100,0) -> 3 | M85: =ROUNDUP(M27*M$44/100,0) -> 8 | ... Q85: =ROUNDUP(Q27*Q$44/100,0) -> #N/A
B86: Г3. гостевые (МГН) - в подземной - не далее 100м по СП59 | D86: =LOOKUP($B$1,E$1:AT$1,E86:AT86) -> 2 | F86: =IF((ROUNDUP(F27*0.1,0)-F52-F56)<0,0,(ROUNDUP(F27*0.1,0)-F52-F56)) -> 3 | G86: =IF((ROUNDUP(G27*0.1,0)-G52-G56)<0,0,(ROUNDUP(G27*0.1,0)-G52-G56)) -> 3 | H86: =IF((ROUNDUP(H27*0.1,0)-H52-H56)<0,0,(ROUNDUP(H27*0.1,0)-H52-H56)) -> 2 | I86: =IF((ROUNDUP(I27*0.1,0)-I52-I56)<0,0,(ROUNDUP(I27*0.1,0)-I52-I56)) -> 1 | J86: =IF((ROUNDUP(J27*0.1,0)-J52-J56)<0,0,(ROUNDUP(J27*0.1,0)-J52-J56)) -> 2 | K86: =IF((ROUNDUP(K27*0.1,0)-K52-K56)<0,0,(ROUNDUP(K27*0.1,0)-K52-K56)) -> 3 | L86: =IF((ROUNDUP(L27*0.1,0)-L52-L56)<0,0,(ROUNDUP(L27*0.1,0)-L52-L56)) -> 2 | M86: =IF((ROUNDUP(M27*0.1,0)-M52-M56)<0,0,(ROUNDUP(M27*0.1,0)-M52-M56)) -> 5 | ... Q86: =IF((ROUNDUP(Q27*0.1,0)-Q52-Q56)<0,0,(ROUNDUP(Q27*0.1,0)-Q52-Q56)) -> #N/A
B87: В1. приобъектные (без учёта МГН и электромобилей) - в подземной - не далее 200м | D87: =LOOKUP($B$1,E$1:AT$1,E87:AT87) -> 37 | F87: =F33-F89-F53-F57-F58-F88 -> 20 | G87: =G33-G89-G53-G57-G58-G88 -> 17 | H87: =H33-H89-H53-H57-H58-H88 -> 6 | I87: =I33-I89-I53-I57-I58-I88 -> 10 | J87: =J33-J89-J53-J57-J58-J88 -> 37 | K87: =K33-K89-K53-K57-K58-K88 -> 28 | L87: =L33-L89-L53-L57-L58-L88 -> 11 | M87: =M33-M89-M53-M57-M58-M88 -> 46 | ... Q87: =Q33-Q89-Q53-Q57-Q58-Q88 -> #N/A
B88: В2. приобъектные (электромобили) - в подземной - не далее 200м | D88: =LOOKUP($B$1,E$1:AT$1,E88:AT88) -> 6 | F88: =ROUNDUP((F33)*F$44/100,0) -> 5 | G88: =ROUNDUP((G33)*G$44/100,0) -> 5 | H88: =ROUNDUP((H33)*H$44/100,0) -> 3 | I88: =ROUNDUP((I33)*I$44/100,0) -> 3 | J88: =ROUNDUP((J33)*J$44/100,0) -> 6 | K88: =ROUNDUP((K33)*K$44/100,0) -> 4 | L88: =ROUNDUP((L33)*L$44/100,0) -> 3 | M88: =ROUNDUP((M33)*M$44/100,0) -> 10 | ... Q88: =ROUNDUP((Q33)*Q$44/100,0) -> #N/A
B89: В3. приобъектные (МГН)- в подземной - не далее 50м по СП59 | D89: =LOOKUP($B$1,E$1:AT$1,E89:AT89) -> 2 | F89: =IF((ROUNDUP(F33*0.1,0)-F53-F58)<0,0,ROUNDUP(F33*0.1,0)-F53-F58) -> 3 | G89: =IF((ROUNDUP(G33*0.1,0)-G53-G58)<0,0,ROUNDUP(G33*0.1,0)-G53-G58) -> 0 | H89: =IF((ROUNDUP(H33*0.1,0)-H53-H58)<0,0,ROUNDUP(H33*0.1,0)-H53-H58) -> 1 | I89: =IF((ROUNDUP(I33*0.1,0)-I53-I58)<0,0,ROUNDUP(I33*0.1,0)-I53-I58) -> 0 | J89: =IF((ROUNDUP(J33*0.1,0)-J53-J58)<0,0,ROUNDUP(J33*0.1,0)-J53-J58) -> 2 | K89: =IF((ROUNDUP(K33*0.1,0)-K53-K58)<0,0,ROUNDUP(K33*0.1,0)-K53-K58) -> 4 | L89: =IF((ROUNDUP(L33*0.1,0)-L53-L58)<0,0,ROUNDUP(L33*0.1,0)-L53-L58) -> 2 | M89: =IF((ROUNDUP(M33*0.1,0)-M53-M58)<0,0,ROUNDUP(M33*0.1,0)-M53-M58) -> 7 | ... Q89: =IF((ROUNDUP(Q33*0.1,0)-Q53-Q58)<0,0,ROUNDUP(Q33*0.1,0)-Q53-Q58) -> #N/A
B90: МО. места остановок - в подземной - не далее 150м | D90: =LOOKUP($B$1,E$1:AT$1,E90:AT90) -> 0 | F90: =IF(F42-F51-F54<0,0,F42-F51-F54) -> 6 | G90: =IF(G42-G51-G54<0,0,G42-G51-G54) -> 1 | H90: =IF(H42-H51-H54<0,0,H42-H51-H54) -> 3 | I90: =IF(I42-I51-I54<0,0,I42-I51-I54) -> 1 | J90: =IF(J42-J51-J54<0,0,J42-J51-J54) -> 0 | K90: =IF(K42-K51-K54<0,0,K42-K51-K54) -> 6 | L90: =IF(L42-L51-L54<0,0,L42-L51-L54) -> 5 | M90: =IF(M42-M51-M54<0,0,M42-M51-M54) -> 7 | ... Q90: =IF(Q42-Q51-Q54<0,0,Q42-Q51-Q54) -> 0
B91: Итого запроектировано | D91: =LOOKUP($B$1,E$1:AT$1,E91:AT91) -> 547 | F91: =F81+F50 -> 338 | G91: =G81+G50 -> 488 | H91: =H81+H50 -> 304 | I91: =I81+I50 -> 187 | J91: =J81+J50 -> 547 | K91: =K81+K50 -> 308 | L91: =L81+L50 -> 242 | M91: =M81+M50 -> 590 | ... Q91: =Q81+Q50 -> #N/A
B92: Функциональное назначение объекта | C92: Общеобразовательные организации
B93: Расчетный показатель в расчетных единицах на одно парковочное место и машино-место в соответствии с примечанием 1 к Приложению 6, кв.м | C93: X2 | D93: 1250
B94: Показатель суммарной поэтажной площади объекта на одно место остановки в соответствии с таблицей к Приложению 8 | C94: S1 | D94: =LOOKUP(C92,Таблицы!B148:B153,Таблицы!D148:D153) -> 300
B95: ="Nк = S/S1 = ("&D93&" / "&D94&") ="&ROUNDUP((D93/D94),0)&" (шт.)" -> Nк = S/S1 = (1250 / 300) =5 (шт.)
B97: Функциональное назначение объекта | C97: Дошкольные образовательные организации
B98: Расчетный показатель в расчетных единицах на одно парковочное место и машино-место в соответствии с примечанием 1 к Приложению 6, кв.м | C98: X2 | D98: =350+75 -> 425
B99: Показатель суммарной поэтажной площади объекта на одно место остановки в соответствии с таблицей к Приложению 8 | C99: S1 | D99: =LOOKUP(C97,Таблицы!B148:B153,Таблицы!D148:D153) -> 30
B100: ="Nк = S/S1 = ("&D98&" / "&D99&") ="&ROUNDUP((D98/D99),0)&" (шт.)" -> Nк = S/S1 = (425 / 30) =15 (шт.)
B116: ="Требуется с учётом отклонения 10%: Nк-10 =Nк х 90% = ("&A42&" х 90%) = "&ROUNDUP(A42*0.9,0)&" (шт.)" -> Требуется с учётом отклонения 10%: Nк-10 =Nк х 90% = (7 х 90%) = 7 (шт.)

Sheet Расчеты_благо
A2: Расчёты благоустройства | G2: Строгино_Среда_к3 | J2: Строгино_Среда_к3.1-3.4 | L2: Строгино_Среда_к3.4-3.7 | N2: Строгино_Среда_к2.1 | P2: Строгино_Среда_к2.2 | R2: Строгино_Среда_к4.1 | T2: Строгино_Среда_к4.2 | V2: ЛЛМЗк.19
E3: Показтель | F3: Ед.изм. | G3: Значение | I3: Ед.изм. | J3: Значение | L3: Значение | N3: Значение | P3: Значение | R3: Значение | T3: Значение | V3: Значение
E4: Общая площадь квартир | F4: кв.м | G4: =LOOKUP($G$2,Расчёт_м_м!E$1:AT$1,Расчёт_м_м!E8:AT8) -> 51539.3 | I4: кв.м | J4: =LOOKUP(J$2,Расчёт_м_м!$E$1:$AT1,Расчёт_м_м!$E8:$AT8) -> 28124.7 | L4: =LOOKUP(L$2,Расчёт_м_м!$E$1:AV$1,Расчёт_м_м!$E8:$AT8) -> 23414.6 | N4: =LOOKUP(N$2,Расчёт_м_м!$E$1:AX$1,Расчёт_м_м!$E8:$AT8) -> 30089 | P4: =LOOKUP(P$2,Расчёт_м_м!$E$1:AZ$1,Расчёт_м_м!$E8:$AT8) -> 17431 | R4: =LOOKUP(R$2,Расчёт_м_м!$E$1:BB$1,Расчёт_м_м!$E8:$AT8) -> 24133 | T4: =LOOKUP(T$2,Расчёт_м_м!$E$1:BD$1,Расчёт_м_м!$E8:$AT8) -> 30991 | V4: =LOOKUP(V$2,Расчёт_м_м!$E$1:BF$1,Расчёт_м_м!$E8:$AT8) -> #N/A
E5: Удел.показатель для жилой части (для расчёта по СП476) | F5: кв.м/чел. | G5: 28 | I5: кв.м/чел. | J5: 28 | L5: 28 | N5: 28 | P5: 28 | R5: 28 | T5: 28 | V5: 28
E6: Жители | F6: чел. | G6: =ROUNDUP(G4/G5,0) -> 1841 | I6: чел. | J6: =ROUNDUP(J4/J5,0) -> 1005 | L6: =ROUNDUP(L4/L5,0) -> 837 | N6: =ROUNDUP(N4/N5,0) -> 1075 | P6: =ROUNDUP(P4/P5,0) -> 623 | R6: =ROUNDUP(R4/R5,0) -> 862 | T6: =ROUNDUP(T4/T5,0) -> 1107 | V6: =ROUNDUP(V4/V5,0) -> #N/A
E7: НПКИ | F7: кв.м | G7: =LOOKUP($G$2,Расчёт_м_м!E$1:AT$1,Расчёт_м_м!E10:AT10) -> 3020.54 | I7: кв.м | J7: =LOOKUP(J$2,Расчёт_м_м!$E$1:AT$1,Расчёт_м_м!$E10:$AT10) -> 1998.51 | L7: =LOOKUP(L$2,Расчёт_м_м!$E$1:AV$1,Расчёт_м_м!$E10:$AT10) -> 1022.03 | N7: =LOOKUP(N$2,Расчёт_м_м!$E$1:AX$1,Расчёт_м_м!$E10:$AT10) -> 1120 | P7: =LOOKUP(P$2,Расчёт_м_м!$E$1:AZ$1,Расчёт_м_м!$E10:$AT10) -> 1367 | R7: =LOOKUP(R$2,Расчёт_м_м!$E$1:BB$1,Расчёт_м_м!$E10:$AT10) -> 3466 | T7: =LOOKUP(T$2,Расчёт_м_м!$E$1:BD$1,Расчёт_м_м!$E10:$AT10) -> 1335 | V7: =LOOKUP(V$2,Расчёт_м_м!$E$1:BF$1,Расчёт_м_м!$E10:$AT10) -> #N/A
E8: Удел.показатель для НПКИ | F8: кв.м/чел. | G8: 20 | I8: кв.м/чел. | J8: 20 | L8: 20 | N8: 20 | P8: 20 | R8: 20 | T8: 20 | V8: 30
E9: Сотрудники НПКИ | F9: чел. | G9: =ROUNDUP(G7/G8,0) -> 152 | I9: чел. | J9: =ROUNDUP(J7/J8,0) -> 100 | L9: =ROUNDUP(L7/L8,0) -> 52 | N9: =ROUNDUP(N7/N8,0) -> 56 | P9: =ROUNDUP(P7/P8,0) -> 69 | R9: =ROUNDUP(R7/R8,0) -> 174 | T9: =ROUNDUP(T7/T8,0) -> 67 | V9: =ROUNDUP(V7/V8,0) -> #N/A
E10: Стоянки постоянного храрения | F10: шт. | G10: =LOOKUP($G$2,Расчёт_м_м!E$1:AT$1,Расчёт_м_м!E70:AT70) -> 411 | I10: шт. | J10: =LOOKUP(J$2,Расчёт_м_м!$E$1:AV$1,Расчёт_м_м!$E70:$E70) -> 244 | L10: =LOOKUP(L$2,Расчёт_м_м!$E$1:AX$1,Расчёт_м_м!$E70:$E70) -> 198 | N10: =LOOKUP(N$2,Расчёт_м_м!$E$1:AZ$1,Расчёт_м_м!$E70:$E70) -> 233 | P10: =LOOKUP(P$2,Расчёт_м_м!$E$1:BB$1,Расчёт_м_м!$E70:$E70) -> 135 | R10: =LOOKUP(R$2,Расчёт_м_м!$E$1:BD$1,Расчёт_м_м!$E70:$E70) -> 219 | T10: =LOOKUP(T$2,Расчёт_м_м!$E$1:BF$1,Расчёт_м_м!$E70:$E70) -> 256 | V10: =LOOKUP(V$2,Расчёт_м_м!$E$1:BH$1,Расчёт_м_м!$R45:$AV45) -> #N/A
E11: Плоскостные стоянки | F11: шт. | G11: =LOOKUP(G$2,Расчёт_м_м!E$1:AT$1,Расчёт_м_м!E51:AT51)+LOOKUP(G$2,Расчёт_м_м!E$1:AT$1,Расчёт_м_м!E52:AT52)+LOOKUP(G$2,Расчёт_м_м!E$1:AT$1,Расчёт_м_м!E53:AT53) -> 1 | I11: шт. | J11: =LOOKUP(J$2,Расчёт_м_м!$E$1:AT$1,Расчёт_м_м!$E51:AT51)+LOOKUP(J$2,Расчёт_м_м!$E$1:AT$1,Расчёт_м_м!$E52:AT52)+LOOKUP(J$2,Расчёт_м_м!$E$1:AT$1,Расчёт_м_м!$E53:AT53) -> 0 | L11: =LOOKUP(L$2,Расчёт_м_м!$E$1:AV$1,Расчёт_м_м!$E51:AV51)+LOOKUP(L$2,Расчёт_м_м!$E$1:AV$1,Расчёт_м_м!$E52:AV52)+LOOKUP(L$2,Расчёт_м_м!$E$1:AV$1,Расчёт_м_м!$E53:AV53) -> 0 | N11: =LOOKUP(N$2,Расчёт_м_м!$E$1:AX$1,Расчёт_м_м!$E51:AX51)+LOOKUP(N$2,Расчёт_м_м!$E$1:AX$1,Расчёт_м_м!$E52:AX52)+LOOKUP(N$2,Расчёт_м_м!$E$1:AX$1,Расчёт_м_м!$E53:AX53) -> 0 | P11: =LOOKUP(P$2,Расчёт_м_м!$E$1:AZ$1,Расчёт_м_м!$E51:AZ51)+LOOKUP(P$2,Расчёт_м_м!$E$1:AZ$1,Расчёт_м_м!$E52:AZ52)+LOOKUP(P$2,Расчёт_м_м!$E$1:AZ$1,Расчёт_м_м!$E53:AZ53) -> 0 | R11: =LOOKUP(R$2,Расчёт_м_м!$E$1:BB$1,Расчёт_м_м!$E51:BB51)+LOOKUP(R$2,Расчёт_м_м!$E$1:BB$1,Расчёт_м_м!$E52:BB52)+LOOKUP(R$2,Расчёт_м_м!$E$1:BB$1,Расчёт_м_м!$E53:BB53) -> 0 | T11: =LOOKUP(T$2,Расчёт_м_м!$E$1:BD$1,Расчёт_м_м!$E51:BD51)+LOOKUP(T$2,Расчёт_м_м!$E$1:BD$1,Расчёт_м_м!$E52:BD52)+LOOKUP(T$2,Расчёт_м_м!$E$1:BD$1,Расчёт_м_м!$E53:BD53) -> 0 | V11: =LOOKUP(V$2,Расчёт_м_м!$E1:$AT1,Расчёт_м_м!$R47:$AT47)+LOOKUP(V2,Расчёт_м_м!$E1:$AT1,Расчёт_м_м!$R48:$AT48) -> #N/A
E12: Площадь участка по ГПЗУ | F12: кв.м | G12: =LOOKUP($G$2,Расчёт_м_м!E$1:AT$1,Расчёт_м_м!E6:AT6) -> 24274.11 | I12: кв.м | J12: =LOOKUP(J$2,Расчёт_м_м!$E1:AT$1,Расчёт_м_м!$E6:$AT6) -> 16700 | L12: =LOOKUP(L$2,Расчёт_м_м!$E1:AV$1,Расчёт_м_м!$E6:$AT6) -> 7574.11 | N12: =LOOKUP(N$2,Расчёт_м_м!$E1:AX$1,Расчёт_м_м!$E6:$AT6) -> 12150 | P12: =LOOKUP(P$2,Расчёт_м_м!$E1:AZ$1,Расчёт_м_м!$E6:$AT6) -> 5118.05 | R12: =LOOKUP(R$2,Расчёт_м_м!$E1:BB$1,Расчёт_м_м!$E6:$AT6) -> 16100 | T12: =LOOKUP(T$2,Расчёт_м_м!$E1:BD$1,Расчёт_м_м!$E6:$AT6) -> 8432.67 | V12: =LOOKUP(V$2,Расчёт_м_м!$E1:BF$1,Расчёт_м_м!$E6:$AT6) -> #N/A
E13: Суммарный объем контейнеров | F13: куб.м | G13: =ROUNDUP(G17,0) -> 16 | I13: куб.м | J13: =ROUNDUP(J17,0) -> 9 | L13: =ROUNDUP(L17,0) -> 7 | N13: =ROUNDUP(N17,0) -> 9 | P13: =ROUNDUP(P17,0) -> 6 | R13: =ROUNDUP(R17,0) -> 8 | T13: =ROUNDUP(T17,0) -> 10 | V13: =ROUNDUP(V17,0) -> #N/A
E14: Предварительная вместимость контейнера | F14: куб.м | G14: 1.1 | I14: куб.м | J14: 1.1 | L14: 1.1 | N14: 1.1 | P14: 1.1 | R14: 1.1 | T14: 1.1 | V14: 1.1
E15: Число контейнеров заданной вместимости | F15: шт. | G15: =ROUNDUP(G13/G14,0) -> 15 | I15: шт. | J15: =ROUNDUP(J13/J14,0) -> 9 | L15: =ROUNDUP(L13/L14,0) -> 7 | N15: =ROUNDUP(N13/N14,0) -> 9 | P15: =ROUNDUP(P13/P14,0) -> 6 | R15: =ROUNDUP(R13/R14,0) -> 8 | T15: =ROUNDUP(T13/T14,0) -> 10 | V15: =ROUNDUP(V13/V14,0) -> #N/A
A16: Группа | B16: N | C16: Наименование категории объектов по Расопряжению ЖКХ г.Москвы от 29 сентября 2021 года N 01-01-14-194/21 | D16: Расчетная единица, в отношении которой | E16: Среднегодовой норматив накопления ТКО | G16: Показатель объекта
F17: Ежедневный объем накопления, куб.м | G17: =G19/365 -> 15.511795 | J17: =J19/365 -> 8.53712 | L17: =L19/365 -> 6.9963901 | N17: =N19/365 -> 8.9377479 | P17: =P19/365 -> 5.3031836 | R17: =R19/365 -> 7.6350959 | T17: =T19/365 -> 9.2495014 | V17: =V19/365 -> #N/A
F18: Фактичекое значение | G18: Годовой объем накопления, куб.м | J18: Годовой объем накопления, куб.м | L18: Годовой объем накопления, куб.м | N18: Годовой объем накопления, куб.м | P18: Годовой объем накопления, куб.м | R18: Годовой объем накопления, куб.м | T18: Годовой объем накопления, куб.м | V18: Годовой объем накопления, куб.м
A19: 1 | B19: 2 | C19: 3 | D19: 4 | E19: 5 | G19: =SUM(G20:G64) -> 5661.8052 | J19: =SUM(J20:J64) -> 3116.0488 | L19: =SUM(L20:L64) -> 2553.6824 | N19: =SUM(N20:N64) -> 3262.278 | P19: =SUM(P20:P64) -> 1935.662 | R19: =SUM(R20:R64) -> 2786.81 | T19: =SUM(T20:T64) -> 3376.068 | V19: =SUM(V20:V64) -> #N/A
A20: I. Административные здания, учреждения, конторы | B20: 1 | C20: Научно-исследовательские, проектные институты и конструкторские бюро | D20: 1 сотрудник | E20: 1.129 | G20: =$E20*F20 -> 0 | J20: =$E20*I20 -> 0 | L20: =$E20*K20 -> 0 | N20: =$E20*M20 -> 0 | P20: =$E20*O20 -> 0 | R20: =$E20*Q20 -> 0 | T20: =$E20*S20 -> 0 | V20: =$E20*U20 -> 0
B21: 2 | C21: Банки и финансовые учреждения | D21: 1 сотрудник | E21: 0.984 | G21: =$E21*F21 -> 0 | J21: =$E21*I21 -> 0 | L21: =$E21*K21 -> 0 | N21: =$E21*M21 -> 0 | P21: =$E21*O21 -> 0 | R21: =$E21*Q21 -> 0 | T21: =$E21*S21 -> 0 | V21: =$E21*U21 -> 0
B22: 3 | C22: Отделения связи | D22: 1 сотрудник | E22: 4.826 | G22: =$E22*F22 -> 0 | J22: =$E22*I22 -> 0 | L22: =$E22*K22 -> 0 | N22: =$E22*M22 -> 0 | P22: =$E22*O22 -> 0 | R22: =$E22*Q22 -> 0 | T22: =$E22*S22 -> 0 | V22: =$E22*U22 -> 0
B23: 4 | C23: Административные, офисные учреждения | D23: 1 сотрудник | E23: 1.252 | F23: =G9 -> 152 | G23: =$E23*F23 -> 190.304 | I23: =J9 -> 100 | J23: =$E23*I23 -> 125.2 | K23: =L9 -> 52 | L23: =$E23*K23 -> 65.104 | M23: =N9 -> 56 | N23: =$E23*M23 -> 70.112 | O23: =P9 -> 69 | P23: =$E23*O23 -> 86.388 | Q23: =R9 -> 174 | R23: =$E23*Q23 -> 217.848 | S23: =T9 -> 67 | T23: =$E23*S23 -> 83.884 | U23: =V9 -> #N/A | V23: =$E23*U23 -> #N/A
A24: II. Предприятия торговли | B24: 5 | C24: Продовольственные магазины | D24: 1 кв.м площади | E24: 0.41 | G24: =$E24*F24 -> 0 | J24: =$E24*I24 -> 0 | L24: =$E24*K24 -> 0 | N24: =$E24*M24 -> 0 | P24: =$E24*O24 -> 0 | R24: =$E24*Q24 -> 0 | T24: =$E24*S24 -> 0 | V24: =$E24*U24 -> 0
B25: 6 | C25: Промтоварные магазины | D25: 1 кв.м площади | E25: 0.24 | G25: =$E25*F25 -> 0 | J25: =$E25*I25 -> 0 | L25: =$E25*K25 -> 0 | N25: =$E25*M25 -> 0 | P25: =$E25*O25 -> 0 | R25: =$E25*Q25 -> 0 | T25: =$E25*S25 -> 0 | V25: =$E25*U25 -> 0
B26: 7 | C26: Павильоны | D26: 1 кв.м площади | E26: 0.676 | G26: =$E26*F26 -> 0 | J26: =$E26*I26 -> 0 | L26: =$E26*K26 -> 0 | N26: =$E26*M26 -> 0 | P26: =$E26*O26 -> 0 | R26: =$E26*Q26 -> 0 | T26: =$E26*S26 -> 0 | V26: =$E26*U26 -> 0
B27: 8 | C27: Палатки, киоски | D27: 1 кв.м площади | E27: 0.82 | G27: =$E27*F27 -> 0 | J27: =$E27*I27 -> 0 | L27: =$E27*K27 -> 0 | N27: =$E27*M27 -> 0 | P27: =$E27*O27 -> 0 | R27: =$E27*Q27 -> 0 | T27: =$E27*S27 -> 0 | V27: =$E27*U27 -> 0
B28: 9 | C28: Супермаркеты | D28: 1 кв.м площади | E28: 0.19 | G28: =$E28*F28 -> 0 | J28: =$E28*I28 -> 0 | L28: =$E28*K28 -> 0 | N28: =$E28*M28 -> 0 | P28: =$E28*O28 -> 0 | R28: =$E28*Q28 -> 0 | T28: =$E28*S28 -> 0 | V28: =$E28*U28 -> 0
B29: 10 | C29: Рынки продовольственные | D29: 1 кв.м площади | E29: 0.335 | G29: =$E29*F29 -> 0 | J29: =$E29*I29 -> 0 | L29: =$E29*K29 -> 0 | N29: =$E29*M29 -> 0 | P29: =$E29*O29 -> 0 | R29: =$E29*Q29 -> 0 | T29: =$E29*S29 -> 0 | V29: =$E29*U29 -> 0
B30: 11 | C30: Рынки промтоварные | D30: 1 кв.м площади | E30: 0.034 | G30: =$E30*F30 -> 0 | J30: =$E30*I30 -> 0 | L30: =$E30*K30 -> 0 | N30: =$E30*M30 -> 0 | P30: =$E30*O30 -> 0 | R30: =$E30*Q30 -> 0 | T30: =$E30*S30 -> 0 | V30: =$E30*U30 -> 0
A31: III. Предприятия транспортной инфраструктуры | B31: 12 | C31: Автомастерские, шиномонтажные мастерские, станции технического обслуживания | D31: 1 машино-место | E31: 1.972 | G31: =$E31*F31 -> 0 | J31: =$E31*I31 -> 0 | L31: =$E31*K31 -> 0 | N31: =$E31*M31 -> 0 | P31: =$E31*O31 -> 0 | R31: =$E31*Q31 -> 0 | T31: =$E31*S31 -> 0 | V31: =$E31*U31 -> 0
B32: 13 | C32: Автозаправочные станции | D32: 1 пост | E32: 7.433 | G32: =$E32*F32 -> 0 | J32: =$E32*I32 -> 0 | L32: =$E32*K32 -> 0 | N32: =$E32*M32 -> 0 | P32: =$E32*O32 -> 0 | R32: =$E32*Q32 -> 0 | T32: =$E32*S32 -> 0 | V32: =$E32*U32 -> 0
B33: 14 | C33: Автостоянки и парковки | D33: 1 машино-место | E33: 0.444 | F33: =G11 -> 1 | G33: =$E33*F33 -> 0.444 | I33: =J11 -> 0 | J33: =$E33*I33 -> 0 | K33: =L11 -> 0 | L33: =$E33*K33 -> 0 | M33: =N11 -> 0 | N33: =$E33*M33 -> 0 | O33: =P11 -> 0 | P33: =$E33*O33 -> 0 | Q33: =R11 -> 0 | R33: =$E33*Q33 -> 0 | S33: =T11 -> 0 | T33: =$E33*S33 -> 0 | U33: =V11 -> #N/A | V33: =$E33*U33 -> #N/A
B34: 15 | C34: Гаражи, парковки закрытого типа | D34: 1 машино-место | E34: 0.27 | F34: =G10 -> 411 | G34: =$E34*F34 -> 110.97 | I34: =J10 -> 244 | J34: =$E34*I34 -> 65.88 | K34: =L10 -> 198 | L34: =$E34*K34 -> 53.46 | M34: =N10 -> 233 | N34: =$E34*M34 -> 62.91 | O34: =P10 -> 135 | P34: =$E34*O34 -> 36.45 | Q34: =R10 -> 219 | R34: =$E34*Q34 -> 59.13 | S34: =T10 -> 256 | T34: =$E34*S34 -> 69.12 | U34: =V10 -> #N/A | V34: =$E34*U34 -> #N/A
B35: 16 | C35: Автомойки | D35: 1 машино-место | E35: 4.499 | G35: =$E35*F35 -> 0 | J35: =$E35*I35 -> 0 | L35: =$E35*K35 -> 0 | N35: =$E35*M35 -> 0 | P35: =$E35*O35 -> 0 | R35: =$E35*Q35 -> 0 | T35: =$E35*S35 -> 0 | V35: =$E35*U35 -> 0
B36: 17 | C36: Железнодорожные и автовокзалы, аэропорты, речные порты | D36: 1 пассажир | E36: 0.044 | G36: =$E36*F36 -> 0 | J36: =$E36*I36 -> 0 | L36: =$E36*K36 -> 0 | N36: =$E36*M36 -> 0 | P36: =$E36*O36 -> 0 | R36: =$E36*Q36 -> 0 | T36: =$E36*S36 -> 0 | V36: =$E36*U36 -> 0
A37: IV. Дошкольные и учебные учреждения | B37: 18 | C37: Дошкольные образовательные учреждения | D37: 1 место | E37: 0.342 | G37: =$E37*F37 -> 0 | J37: =$E37*I37 -> 0 | L37: =$E37*K37 -> 0 | N37: =$E37*M37 -> 0 | P37: =$E37*O37 -> 0 | R37: =$E37*Q37 -> 0 | T37: =$E37*S37 -> 0 | V37: =$E37*U37 -> 0
B38: 19 | C38: Общеобразовательные, среднеспециальные учреждения и ПТУ | D38: 1 место | E38: 0.071 | G38: =$E38*F38 -> 0 | J38: =$E38*I38 -> 0 | L38: =$E38*K38 -> 0 | N38: =$E38*M38 -> 0 | P38: =$E38*O38 -> 0 | R38: =$E38*Q38 -> 0 | T38: =$E38*S38 -> 0 | V38: =$E38*U38 -> 0
B39: 20 | C39: Высшие учебные заведения | D39: 1 место | E39: 0.101 | G39: =$E39*F39 -> 0 | J39: =$E39*I39 -> 0 | L39: =$E39*K39 -> 0 | N39: =$E39*M39 -> 0 | P39: =$E39*O39 -> 0 | R39: =$E39*Q39 -> 0 | T39: =$E39*S39 -> 0 | V39: =$E39*U39 -> 0
B40: 21 | C40: Образовательные учреждения дополнительного образования | D40: 1 место | E40: 0.666 | G40: =$E40*F40 -> 0 | J40: =$E40*I40 -> 0 | L40: =$E40*K40 -> 0 | N40: =$E40*M40 -> 0 | P40: =$E40*O40 -> 0 | R40: =$E40*Q40 -> 0 | T40: =$E40*S40 -> 0 | V40: =$E40*U40 -> 0
B41: 22 | C41: Детские дома, школы-интернаты | D41: 1 место | E41: 0.094 | G41: =$E41*F41 -> 0 | J41: =$E41*I41 -> 0 | L41: =$E41*K41 -> 0 | N41: =$E41*M41 -> 0 | P41: =$E41*O41 -> 0 | R41: =$E41*Q41 -> 0 | T41: =$E41*S41 -> 0 | V41: =$E41*U41 -> 0
A42: V. Культурно- | B42: 23 | C42: Клубы, кинотеатры, концертные залы, театры, цирки | D42: 1 место | E42: 0.382 | G42: =$E42*F42 -> 0 | J42: =$E42*I42 -> 0 | L42: =$E42*K42 -> 0 | N42: =$E42*M42 -> 0 | P42: =$E42*O42 -> 0 | R42: =$E42*Q42 -> 0 | T42: =$E42*S42 -> 0 | V42: =$E42*U42 -> 0
A43: развлекательные, спортивные учреждения | G43: =$E43*F43 -> 0 | J43: =$E43*I43 -> 0 | L43: =$E43*K43 -> 0 | N43: =$E43*M43 -> 0 | P43: =$E43*O43 -> 0 | R43: =$E43*Q43 -> 0 | T43: =$E43*S43 -> 0 | V43: =$E43*U43 -> 0
B44: 24 | C44: Библиотеки, архивы | D44: 1 место | E44: 0.06 | G44: =$E44*F44 -> 0 | J44: =$E44*I44 -> 0 | L44: =$E44*K44 -> 0 | N44: =$E44*M44 -> 0 | P44: =$E44*O44 -> 0 | R44: =$E44*Q44 -> 0 | T44: =$E44*S44 -> 0 | V44: =$E44*U44 -> 0
B45: 25 | C45: Выставочные залы, музеи | D45: 1 кв.м площади | E45: 0.018 | G45: =$E45*F45 -> 0 | J45: =$E45*I45 -> 0 | L45: =$E45*K45 -> 0 | N45: =$E45*M45 -> 0 | P45: =$E45*O45 -> 0 | R45: =$E45*Q45 -> 0 | T45: =$E45*S45 -> 0 | V45: =$E45*U45 -> 0
B46: 26 | C46: Спортивные арены, стадионы | D46: 1 место | E46: 0.072 | G46: =$E46*F46 -> 0 | J46: =$E46*I46 -> 0 | L46: =$E46*K46 -> 0 | N46: =$E46*M46 -> 0 | P46: =$E46*O46 -> 0 | R46: =$E46*Q46 -> 0 | T46: =$E46*S46 -> 0 | V46: =$E46*U46 -> 0
B47: 27 | C47: Спортивные клубы, центры, комплексы | D47: 1 место | E47: 0.118 | G47: =$E47*F47 -> 0 | J47: =$E47*I47 -> 0 | L47: =$E47*K47 -> 0 | N47: =$E47*M47 -> 0 | P47: =$E47*O47 -> 0 | R47: =$E47*Q47 -> 0 | T47: =$E47*S47 -> 0 | V47: =$E47*U47 -> 0
B48: 28 | C48: Зоопарки, ботанические сады | D48: 1 кв.м площади | E48: 0.068 | G48: =$E48*F48 -> 0 | J48: =$E48*I48 -> 0 | L48: =$E48*K48 -> 0 | N48: =$E48*M48 -> 0 | P48: =$E48*O48 -> 0 | R48: =$E48*Q48 -> 0 | T48: =$E48*S48 -> 0 | V48: =$E48*U48 -> 0
B49: 29 | C49: Пансионаты, дома отдыха, туристические базы | D49: 1 место | E49: 0.145 | G49: =$E49*F49 -> 0 | J49: =$E49*I49 -> 0 | L49: =$E49*K49 -> 0 | N49: =$E49*M49 -> 0 | P49: =$E49*O49 -> 0 | R49: =$E49*Q49 -> 0 | T49: =$E49*S49 -> 0 | V49: =$E49*U49 -> 0
A50: VI. Предприятия общественного питания | B50: 30 | C50: Кафе, рестораны, бары, закусочные, столовые | D50: 1 место | E50: 0.73 | G50: =$E50*F50 -> 0 | J50: =$E50*I50 -> 0 | L50: =$E50*K50 -> 0 | N50: =$E50*M50 -> 0 | P50: =$E50*O50 -> 0 | R50: =$E50*Q50 -> 0 | T50: =$E50*S50 -> 0 | V50: =$E50*U50 -> 0
A51: VII. Предприятия службы быта | B51: 31 | C51: Мастерские по ремонту бытовой и компьютерной техники | D51: 1 кв.м площади | E51: 0.099 | G51: =$E51*F51 -> 0 | J51: =$E51*I51 -> 0 | L51: =$E51*K51 -> 0 | N51: =$E51*M51 -> 0 | P51: =$E51*O51 -> 0 | R51: =$E51*Q51 -> 0 | T51: =$E51*S51 -> 0 | V51: =$E51*U51 -> 0
B52: 32 | C52: Мастерские по ремонту обуви, ключей, часов и пр. | D52: 1 кв.м площади | E52: 0.206 | G52: =$E52*F52 -> 0 | J52: =$E52*I52 -> 0 | L52: =$E52*K52 -> 0 | N52: =$E52*M52 -> 0 | P52: =$E52*O52 -> 0 | R52: =$E52*Q52 -> 0 | T52: =$E52*S52 -> 0 | V52: =$E52*U52 -> 0
B53: 33 | C53: Мастерские по ремонту и пошиву одежды | D53: 1 кв.м площади | E53: 0.359 | G53: =$E53*F53 -> 0 | J53: =$E53*I53 -> 0 | L53: =$E53*K53 -> 0 | N53: =$E53*M53 -> 0 | P53: =$E53*O53 -> 0 | R53: =$E53*Q53 -> 0 | T53: =$E53*S53 -> 0 | V53: =$E53*U53 -> 0
B54: 34 | C54: Химчистки и прачечные | D54: 1 кв.м площади | E54: 0.239 | G54: =$E54*F54 -> 0 | J54: =$E54*I54 -> 0 | L54: =$E54*K54 -> 0 | N54: =$E54*M54 -> 0 | P54: =$E54*O54 -> 0 | R54: =$E54*Q54 -> 0 | T54: =$E54*S54 -> 0 | V54: =$E54*U54 -> 0
B55: 35 | C55: Парикмахерские, косметические салоны, салоны красоты | D55: 1 место | E55: 1.798 | G55: =$E55*F55 -> 0 | J55: =$E55*I55 -> 0 | L55: =$E55*K55 -> 0 | N55: =$E55*M55 -> 0 | P55: =$E55*O55 -> 0 | R55: =$E55*Q55 -> 0 | T55: =$E55*S55 -> 0 | V55: =$E55*U55 -> 0
B56: 36 | C56: Гостиницы | D56: 1 место | E56: 0.924 | G56: =$E56*F56 -> 0 | J56: =$E56*I56 -> 0 | L56: =$E56*K56 -> 0 | N56: =$E56*M56 -> 0 | P56: =$E56*O56 -> 0 | R56: =$E56*Q56 -> 0 | T56: =$E56*S56 -> 0 | V56: =$E56*U56 -> 0
B57: 37 | C57: Общежития | D57: 1 место | E57: 0.033 | G57: =$E57*F57 -> 0 | J57: =$E57*I57 -> 0 | L57: =$E57*K57 -> 0 | N57: =$E57*M57 -> 0 | P57: =$E57*O57 -> 0 | R57: =$E57*Q57 -> 0 | T57: =$E57*S57 -> 0 | V57: =$E57*U57 -> 0
B58: 38 | C58: Бани, сауны | D58: 1 место | E58: 0.942 | G58: =$E58*F58 -> 0 | J58: =$E58*I58 -> 0 | L58: =$E58*K58 -> 0 | N58: =$E58*M58 -> 0 | P58: =$E58*O58 -> 0 | R58: =$E58*Q58 -> 0 | T58: =$E58*S58 -> 0 | V58: =$E58*U58 -> 0
A59: VIII. Предприятия в сфере похоронных услуг | B59: 39 | C59: Кладбища | D59: 1 кв.м площади | E59: 0.031 | G59: =$E59*F59 -> 0 | J59: =$E59*I59 -> 0 | L59: =$E59*K59 -> 0 | N59: =$E59*M59 -> 0 | P59: =$E59*O59 -> 0 | R59: =$E59*Q59 -> 0 | T59: =$E59*S59 -> 0 | V59: =$E59*U59 -> 0
B60: 40 | C60: Крематории | D60: 1 кв.м площади | E60: 0.01 | G60: =$E60*F60 -> 0 | J60: =$E60*I60 -> 0 | L60: =$E60*K60 -> 0 | N60: =$E60*M60 -> 0 | P60: =$E60*O60 -> 0 | R60: =$E60*Q60 -> 0 | T60: =$E60*S60 -> 0 | V60: =$E60*U60 -> 0
B61: 41 | C61: Организации, оказывающие ритуальные услуги | D61: 1 кв.м площади | E61: 1.373 | G61: =$E61*F61 -> 0 | J61: =$E61*I61 -> 0 | L61: =$E61*K61 -> 0 | N61: =$E61*M61 -> 0 | P61: =$E61*O61 -> 0 | R61: =$E61*Q61 -> 0 | T61: =$E61*S61 -> 0 | V61: =$E61*U61 -> 0
A62: IX. Садоводческие кооперативы, садово-огородные товарищества. Предприятия иных отраслей промышленности. | B62: 42 | C62: Садоводческие кооперативы, садово-огородные товарищества | D62: 1 участник (член) | E62: 0.583 | G62: =$E62*F62 -> 0 | J62: =$E62*I62 -> 0 | L62: =$E62*K62 -> 0 | N62: =$E62*M62 -> 0 | P62: =$E62*O62 -> 0 | R62: =$E62*Q62 -> 0 | T62: =$E62*S62 -> 0 | V62: =$E62*U62 -> 0
B63: 43 | C63: Предприятия иных отраслей промышленности | D63: 1 сотрудник | E63: 0.397 | G63: =$E63*F63 -> 0 | J63: =$E63*I63 -> 0 | L63: =$E63*K63 -> 0 | N63: =$E63*M63 -> 0 | P63: =$E63*O63 -> 0 | R63: =$E63*Q63 -> 0 | T63: =$E63*S63 -> 0 | V63: =$E63*U63 -> 0
A64: X. Домовладения | B64: 44 | C64: Жилые помещения в многоквартирных домах, помещения в иных жилых домах | D64: 1 кв.м площади | E64: 0.104 | F64: =G4 -> 51539.3 | G64: =$E64*F64 -> 5360.0872 | I64: =J4 -> 28124.7 | J64: =$E64*I64 -> 2924.9688 | K64: =L4 -> 23414.6 | L64: =$E64*K64 -> 2435.1184 | M64: =N4 -> 30089 | N64: =$E64*M64 -> 3129.256 | O64: =P4 -> 17431 | P64: =$E64*O64 -> 1812.824 | Q64: =R4 -> 24133 | R64: =$E64*Q64 -> 2509.832 | S64: =T4 -> 30991 | T64: =$E64*S64 -> 3223.064 | U64: =V4 -> #N/A | V64: =$E64*U64 -> #N/A
A65: Элемнта придомовой территории | B65: Нормативный показатель | C65: Кол-во жителей | D65: Расчетная площадь, кв.м.
A66: СП 476.1325800.2020
A67: Показатели минимальной обеспеченности элементами придомовой территории (по табл.7.1)
A68: Детские площадки | B68: 0.4 | C68: =G6 -> 1841 | D68: не далее 100м (п.7.29) | G68: =$B68*$C$68 -> 736.4 | J68: =$B68*J6 -> 402 | L68: =$B68*L6 -> 334.8 | N68: =$B68*N6 -> 430 | P68: =$B68*P6 -> 249.2 | R68: =$B68*R6 -> 344.8 | T68: =$B68*T6 -> 442.8 | V68: =$B68*V6 -> #N/A
A69: Площадки отдыха взрослого населения | B69: 0.1 | G69: =$B69*$C$68 -> 184.1 | J69: =$B69*J6 -> 100.5 | L69: =$B69*L6 -> 83.7 | N69: =$B69*N6 -> 107.5 | P69: =$B69*P6 -> 62.3 | R69: =$B69*R6 -> 86.2 | T69: =$B69*T6 -> 110.7 | V69: =$B69*V6 -> #N/A
A70: Зеленые насаждения | B70: 3 | G70: =$B70*$C$68 -> 5523 | J70: =$B70*J6 -> 3015 | L70: =$B70*L6 -> 2511 | N70: =$B70*N6 -> 3225 | P70: =$B70*P6 -> 1869 | R70: =$B70*R6 -> 2586 | T70: =$B70*T6 -> 3321 | V70: =$B70*V6 -> #N/A
A71: При недостатке площади для размещения в полном объеме обязательных элементов благоустройства на приватной придомовой территории допускается их размещение на территории общего пользования с учетом пешеходной доступности от входных групп зданий до данных объектов не более 100 м.
A72: 7.30 При размещении на участке жилой группы жилых зданий со встроенно-пристроенными и пристроенными помещениями допускается размещение элементов благоустройства и озеленения на их эксплуатируемой кровле.
A73: Показатели площади элементов благоустройства жилого микрорайона
A74: 1 Детские игровые площадки (площадки для игр детей дошкольного и младшего школьного возраста) | B74: 0.4 | C74: =G6 -> 1841 | G74: =B74*$C$74 -> 736.4 | J74: =$B74*J$6 -> 402 | L74: =$B74*L$6 -> 334.8 | N74: =$B74*N$6 -> 430 | P74: =$B74*P$6 -> 249.2 | R74: =$B74*R$6 -> 344.8 | T74: =$B74*T$6 -> 442.8 | V74: =$B74*V$6 -> #N/A
A75: 2 Площадки для занятий физкультурой взрослого населения (при отсутствии отдельных участков для спорт.площадок требуется выполнить в пределах земельного участка) | B75: 0.5 | G75: =B75*$C$74 -> 920.5 | J75: =$B75*J$6 -> 502.5 | L75: =$B75*L$6 -> 418.5 | N75: =$B75*N$6 -> 537.5 | P75: =$B75*P$6 -> 311.5 | R75: =$B75*R$6 -> 431 | T75: =$B75*T$6 -> 553.5 | V75: =$B75*V$6 -> #N/A
A76: 3 Площадки отдыха взрослого населения | B76: 0.1 | G76: =B76*$C$74 -> 184.1 | J76: =$B76*J$6 -> 100.5 | L76: =$B76*L$6 -> 83.7 | N76: =$B76*N$6 -> 107.5 | P76: =$B76*P$6 -> 62.3 | R76: =$B76*R$6 -> 86.2 | T76: =$B76*T$6 -> 110.7 | V76: =$B76*V$6 -> #N/A
A77: 4 Площадки для хозяйственных целей (контейнерные площадки для сбора ТКО и крупногабаритного мусора) <*> | B77: 0.03 | G77: =B77*$C$74 -> 55.23 | J77: =$B77*J$6 -> 30.15 | L77: =$B77*L$6 -> 25.11 | N77: =$B77*N$6 -> 32.25 | P77: =$B77*P$6 -> 18.69 | R77: =$B77*R$6 -> 25.86 | T77: =$B77*T$6 -> 33.21 | V77: =$B77*V$6 -> #N/A
A78: 5 Площадки для выгула собак | B78: 400-600 | G78: =$B78 -> 400-600 | J78: =$B78 -> 400-600 | L78: =$B78 -> 400-600 | N78: =$B78 -> 400-600 | P78: =$B78 -> 400-600 | R78: =$B78 -> 400-600 | T78: =$B78 -> 400-600 | V78: =$B78 -> 400-600
A79: СП 42.13330.2016 / СП42.13330.2011
A80: 7.4 Площадь озелененной территории микрорайона (квартала) жилой зоны с застройкой многоквартирными жилыми зданиями (без учета участков общеобразовательных и дошкольных образовательных организаций) | B80: 0.25 | G80: =ROUNDUP(B80*G12,0) -> 6069 | J80: =ROUNDUP($B80*J12,0) -> 4175 | L80: =ROUNDUP($B80*L12,0) -> 1894 | N80: =ROUNDUP($B80*N12,0) -> 3038 | P80: =ROUNDUP($B80*P12,0) -> 1280 | R80: =ROUNDUP($B80*R12,0) -> 4025 | T80: =ROUNDUP($B80*T12,0) -> 2109 | V80: =ROUNDUP($B80*V12,0) -> #N/A
A81: Примечание - В площадь отдельных участков озелененной территории включаются площадки для отдыха взрослого населения, детские игровые площадки (в том числе групповые площадки встроенных и встроенно-пристроенных дошкольных организаций, если они расположены на внутридомовой территории), пешеходные дорожки, если они занимают не более 30% общей площади участка. (примечание в ред. Изменения N 2, утв. Приказом Минстроя России от 19.12.2019 N 824/пр)
A82: 2152-ПП (с изменениями на 28 октября 2025 года)
A83: Типа объекта | G83: Многоквартирный дом (2.1.1, 2.5, 2.6) | J83: =LOOKUP(J$2,Расчёт_м_м!$E$1:$AT1,Расчёт_м_м!$E4:$AT4) -> Многоквартирный дом (2.1.1, 2.5, 2.6) | L83: =LOOKUP(L$2,Расчёт_м_м!$E$1:$AT1,Расчёт_м_м!$E4:$AT4) -> Многоквартирный дом (2.1.1, 2.5, 2.6) | N83: =LOOKUP(N$2,Расчёт_м_м!$E$1:$AT1,Расчёт_м_м!$E4:$AT4) -> Многоквартирный дом (2.1.1, 2.5, 2.6) | P83: =LOOKUP(P$2,Расчёт_м_м!$E$1:$AT1,Расчёт_м_м!$E4:$AT4) -> Многоквартирный дом (2.1.1, 2.5, 2.6) | R83: =LOOKUP(R$2,Расчёт_м_м!$E$1:$AT1,Расчёт_м_м!$E4:$AT4) -> Многоквартирный дом (2.1.1, 2.5, 2.6) | T83: =LOOKUP(T$2,Расчёт_м_м!$E$1:$AT1,Расчёт_м_м!$E4:$AT4) -> Многоквартирный дом (2.1.1, 2.5, 2.6)
A84: Доля суммарной поэтажной площади жилой части здания в расчете на одного человека | G84: =LOOKUP(G83,Таблицы!$B169:$B171,Таблицы!$D169:$D171) -> 33 | J84: =LOOKUP(J83,Таблицы!$B169:$B171,Таблицы!$D169:$D171) -> 33 | L84: =LOOKUP(L83,Таблицы!$B169:$B171,Таблицы!$D169:$D171) -> 33 | N84: =LOOKUP(N83,Таблицы!$B169:$B171,Таблицы!$D169:$D171) -> 33 | P84: =LOOKUP(P83,Таблицы!$B169:$B171,Таблицы!$D169:$D171) -> 33 | R84: =LOOKUP(R83,Таблицы!$B169:$B171,Таблицы!$D169:$D171) -> 33 | T84: =LOOKUP(T83,Таблицы!$B169:$B171,Таблицы!$D169:$D171) -> 33 | V84: =$G84 -> 33
A85: Элемнта придомовой территории | B85: Нормативный показатель | C85: Кол-во жителей | D85: Примечание | G85: Расчетная площадь, кв.м. | J85: =ROUNDUP(J4/J84,0) -> 853 | L85: =ROUNDUP(L4/L84,0) -> 710 | N85: =ROUNDUP(N4/N84,0) -> 912 | P85: =ROUNDUP(P4/P84,0) -> 529 | R85: =ROUNDUP(R4/R84,0) -> 732 | T85: =ROUNDUP(T4/T84,0) -> 940 | V85: =ROUNDUP(#REF!/V84,0) -> #REF!
A86: Детские площадки | B86: 0.5 | C86: =ROUNDUP(G4/G84,0) -> 1562 | G86: =B86*$C$86 -> 781 | J86: =$B86*J$85 -> 426.5 | L86: =$B86*L$85 -> 355 | N86: =$B86*N$85 -> 456 | P86: =$B86*P$85 -> 264.5 | R86: =$B86*R$85 -> 366 | T86: =$B86*T$85 -> 470 | V86: =$B86*V$85 -> #REF!
A87: Площадки отдыха взрослого населения | B87: 0.1 | G87: =B87*$C$86 -> 156.2 | J87: =$B87*J$85 -> 85.3 | L87: =$B87*L$85 -> 71 | N87: =$B87*N$85 -> 91.2 | P87: =$B87*P$85 -> 52.9 | R87: =$B87*R$85 -> 73.2 | T87: =$B87*T$85 -> 94 | V87: =$B87*V$85 -> #REF!
A88: Озеленённые территории ЖК (Озелененные территории ограниченного пользования жилых кварталов) - озеленение внутриквартальных публичных территорий и дворовых территорий, включая площадки для игр детей и отдыха взрослых | B88: 5 | D88: В случае, если доля площадей общественного назначения в жилом здании составляет не менее 10% наземной площади (суммы жилой наземной площади и нежилой части жилого здания, которая определяется в соответствии с пунктом 1.2.1.7 настоящих Нормативов) жилого здания, допускается предусматривать не менее 3,0 кв.м/человека в уровне земли и не более 2,0 кв.м/человека в объеме жилого здания и на эксплуатируемой кровле не выше 15 м. Допускается снижение значения показателя на 15% при прилегании территории преобразования к ОТОП размером не менее 5,0 га, особо охраняемой природной территории (ООПТ), особо охраняемой зеленой территории (ООЗТ). Озелененных территорий ограниченного пользования жилых кварталов, площадок для игр детей и отдыха взрослых, при этом площадки для игр детей и отдыха взрослых должны составлять не более 30% озелененной территории ЖК. | G88: =B88*$C$86 -> 7810 | J88: =$B88*J$85 -> 4265 | L88: =$B88*L$85 -> 3550 | N88: =$B88*N$85 -> 4560 | P88: =$B88*P$85 -> 2645 | R88: =$B88*R$85 -> 3660 | T88: =$B88*T$85 -> 4700 | V88: =$B88*V$85 -> #REF!
A89: Озеленение территории общего пользования | B89: 0.7 | G89: =B89*$C$86 -> 1093.4 | J89: =$B89*J$85 -> 597.1 | L89: =$B89*L$85 -> 497 | N89: =$B89*N$85 -> 638.4 | P89: =$B89*P$85 -> 370.3 | R89: =$B89*R$85 -> 512.4 | T89: =$B89*T$85 -> 658
A90: 1. В пределах участка запроектировано
A91: Детские площадки | G91: 903
A92: Площадки отдыха взрослого населения | G92: 187
A93: Зеленые насаждения | G93: 7684
A94: Площадки для занятий физкультурой взрослого населения (при отсутствии отдельных участков для спорт.площадок требуется выполнить в пределах земельного участка) | G94: 507
A95: 2. Недостаток элемента придомовой территории
A96: Детские площадки | G96: =IF(G86>G68,IF(G86-G91<0,0,G86-G91),IF(G68-G91<0,0,G68-G91)) -> 0 | J96: =IF(J86>J68,IF(J86-J91<0,0,J86-J91),IF(J68-J91<0,0,J68-J91)) -> 426.5 | L96: =IF(L86>L68,IF(L86-L91<0,0,L86-L91),IF(L68-L91<0,0,L68-L91)) -> 355 | N96: =IF(N86>N68,IF(N86-N91<0,0,N86-N91),IF(N68-N91<0,0,N68-N91)) -> 456 | P96: =IF(P86>P68,IF(P86-P91<0,0,P86-P91),IF(P68-P91<0,0,P68-P91)) -> 264.5 | R96: =IF(R86>R68,IF(R86-R91<0,0,R86-R91),IF(R68-R91<0,0,R68-R91)) -> 366 | T96: =IF(T86>T68,IF(T86-T91<0,0,T86-T91),IF(T68-T91<0,0,T68-T91)) -> 470
A97: Площадки отдыха взрослого населения | G97: =IF(G87>G69,IF(G87-G92<0,0,G87-G92),IF(G69-G92<0,0,G69-G92)) -> 0 | J97: =IF(J87>J69,IF(J87-J92<0,0,J87-J92),IF(J69-J92<0,0,J69-J92)) -> 100.5 | L97: =IF(L87>L69,IF(L87-L92<0,0,L87-L92),IF(L69-L92<0,0,L69-L92)) -> 83.7 | N97: =IF(N87>N69,IF(N87-N92<0,0,N87-N92),IF(N69-N92<0,0,N69-N92)) -> 107.5 | P97: =IF(P87>P69,IF(P87-P92<0,0,P87-P92),IF(P69-P92<0,0,P69-P92)) -> 62.3 | R97: =IF(R87>R69,IF(R87-R92<0,0,R87-R92),IF(R69-R92<0,0,R69-R92)) -> 86.2 | T97: =IF(T87>T69,IF(T87-T92<0,0,T87-T92),IF(T69-T92<0,0,T69-T92)) -> 110.7
A98: Зеленые насаждения | G98: =IF(G88>G70,IF(G88-G93<0,0,G88-G93),IF(G70-G93<0,0,G70-G93)) -> 126 | J98: =IF(J88>J70,IF(J88-J93<0,0,J88-J93),IF(J70-J93<0,0,J70-J93)) -> 4265 | L98: =IF(L88>L70,IF(L88-L93<0,0,L88-L93),IF(L70-L93<0,0,L70-L93)) -> 3550 | N98: =IF(N88>N70,IF(N88-N93<0,0,N88-N93),IF(N70-N93<0,0,N70-N93)) -> 4560 | P98: =IF(P88>P70,IF(P88-P93<0,0,P88-P93),IF(P70-P93<0,0,P70-P93)) -> 2645 | R98: =IF(R88>R70,IF(R88-R93<0,0,R88-R93),IF(R70-R93<0,0,R70-R93)) -> 3660 | T98: =IF(T88>T70,IF(T88-T93<0,0,T88-T93),IF(T70-T93<0,0,T70-T93)) -> 4700
A99: Площадки для занятий физкультурой взрослого населения (при отсутствии отдельных участков для спорт.площадок требуется выполнить в пределах земельного участка) | G99: =IF(G75-G94<0,0,G75-G94) -> 413.5 | J99: =IF(J75-J94<0,0,J75-J94) -> 502.5 | L99: =IF(L75-L94<0,0,L75-L94) -> 418.5 | N99: =IF(N75-N94<0,0,N75-N94) -> 537.5 | P99: =IF(P75-P94<0,0,P75-P94) -> 311.5 | R99: =IF(R75-R94<0,0,R75-R94) -> 431 | T99: =IF(T75-T94<0,0,T75-T94) -> 553.5

Sheet Расчёт (ХП)
A1: Расчёт стоянок выполнен на основании ПП №945-ПП г. Москвы
A2: Исходные данные | C2: Район | D2: 3.7. Покровское-Стрешнево. | E2: Зона урбанизации согласно приложения 2 РНГПТ | G2: =LOOKUP(D2,'Справочные данные'!A59:A202,'Справочные данные'!B59:B202) -> Т3
A3: Уточняющий коэффициент урбанизации территории города Москвы, согласно Приложения 3, К3 | G3: =LOOKUP(G2,'Справочные данные'!A3:A6,'Справочные данные'!B3:B6) -> 0.75
A4: ="Фактическая удалённость до скоростного внеуличного транспорта (т.к. "&A2&" ) по ситуационной схеме" -> Фактическая удалённость до скоростного внеуличного транспорта (т.к. Исходные данные ) по ситуационной схеме | F4: Более 700м
A5: =LOOKUP(F4,'Справочные данные'!B209:B210,'Справочные данные'!C209:C210) -> Проектируемый Объект попадает только в зону доступности наземного городского пассажирского транспорта (магистральная УДС, на которой организовано движение наземного городского транспорта - не далее 500м); а скоростной внеуличный транспорт (метрополитен и скоростной трамвай) расположен далее 700м; ввиду этого, согласно Приложения 7 РНГПТ, принят коэффициент К2 | G5: =LOOKUP(F4,'Справочные данные'!B209:B210,'Справочные данные'!D209:D210) -> 0.85
A6: Таблица балльной оценки уровня потребности в местах постоянного хранения автомобилей
A7: N п/п | B7: Критерий оценки потребности в местах постоянного хранения автомобилей (i) | C7: Максимальный балл по критерию | D7: Показатели | E7: Значения | F7: Весовой коэффициент к максимальному баллу по критерию i (ki) | G7: Расчетный критерий (3)*(6)
A8: 1 | B8: 2 | C8: 3 | D8: 4 | E8: 5 | F8: 6 | G8: 7
A9: 1 | B9: Доступность наземного городского пассажирского транспорта (НГПТ) | C9: 5 | D9: Число остановок различных маршрутов НГПТ в пешей доступности (до 500 м) | E9: 1 и менее | F9: =LOOKUP(E9,'Справочные данные'!A9:A11,'Справочные данные'!B9:B11) -> 1 | G9: =""&C9&"*"&F9&"="&C9*F9&"" -> 5*1=5 | H9: =C9*F9 -> 5
A10: 2 | B10: Интенсивность движения НГПТ | C10: 5 | D10: Интервалы движения | E10: Более 20 минут | F10: =LOOKUP(E10,'Справочные данные'!A14:A17,'Справочные данные'!B14:B17) -> 1 | G10: =""&C10&"*"&F10&"="&C10*F10&"" -> 5*1=5 | H10: =C10*F10 -> 5
A11: 3 | B11: Доступность станций метрополитена | C11: 15 | D11: Радиус доступности станций метрополитена | E11: Более 700м - не более 1200м | F11: =LOOKUP(E11,'Справочные данные'!A20:A23,'Справочные данные'!B20:B23) -> 0.25 | G11: =""&C11&"*"&F11&"="&C11*F11&"" -> 15*0.25=3.75 | H11: =C11*F11 -> 3.75
A12: 4 | B12: Доступность станций железнодорожного транспорта | C12: 15 | D12: Радиус доступности станций железнодорожного транспорта | E12: Более 1200м - не более 2500м | F12: =LOOKUP(E12,'Справочные данные'!A26:A29,'Справочные данные'!B26:B29) -> 0.5 | G12: =""&C12&"*"&F12&"="&C12*F12&"" -> 15*0.5=7.5 | H12: =C12*F12 -> 7.5
A13: 5 | B13: Тип жилой застройки по уровню комфорта | C13: 20 | D13: Премиум и бизнес-класс | F13: =LOOKUP(D13,'Справочные данные'!A32:A36,'Справочные данные'!B32:B36) -> 1 | G13: =""&C13&"*"&F13&"="&C13*F13&"" -> 20*1=20 | H13: =C13*F13 -> 20
A14: 6 | B14: Плотность застройки:
A15: 6.1 | B15: Плотность застройки в границах планировочного квартала | C15: 20 | D15: - (не учитывается, т.к. рассматривается отдельный з.у.) | F15: =LOOKUP(D15,'Справочные данные'!A39:A43,'Справочные данные'!B39:B43) -> 0 | G15: =""&C15&"*"&F15&"="&C15*F15&"" -> 20*0=0 | H15: =C15*F15 -> 0
A16: 6.2 | B16: Плотность застройки в границах земельного участка | C16: 20 | D16: 15000 м /га - менее 20000 кв.м/га | F16: =LOOKUP(D16,'Справочные данные'!A46:A50,'Справочные данные'!B46:B50) -> 0.75 | G16: =""&C16&"*"&F16&"="&C16*F16&"" -> 20*0.75=15 | H16: =C16*F16 -> 15
A17: 7 | B17: Уточняющий коэффициент урбанизации территории города Москвы при расчете числа мест постоянного хранения автомобилей | C17: 20 | D17: =G2 -> Т3 | F17: =LOOKUP(D17,'Справочные данные'!A3:A6,'Справочные данные'!B53:B56) -> 0.5 | G17: =""&C17&"*"&F17&"="&C17*F17&"" -> 20*0.5=10 | H17: =C17*F17 -> 10
A18: Балльная оценка уровня потребности в местах постоянного хранения автомобилей Бп | G18: =SUM(H9:H17) -> 66.25
A19: ="По итогам расчета балльной оценки уровня потребности в местах постоянного хранения автомобилей ("&G18&" баллов) принят, согласно п. 6.2.5 РНГПТ, коэффициент обеспеченности Объекта машино-местами для постоянного хранения индивидуального транспорта КБп" -> По итогам расчета балльной оценки уровня потребности в местах постоянного хранения автомобилей (66.25 баллов) принят, согласно п. 6.2.5 РНГПТ, коэффициент обеспеченности Объекта машино-местами для постоянного хранения индивидуального транспорта КБп | G19: =IF(G18>75,0.7,IF(OR(G18=50,G18<50),0.5,0.6)) -> 0.6

Sheet Расчёт (ММ)
A1: Расчёт стоянок выполнен на основании ПП №945-ПП г. Москвы
A2: Исходные данные | C2: Район | D2: 2.27. Митино. | E2: Зона урбанизации согласно приложения 2 РНГПТ | G2: =LOOKUP(D2,'Справочные данные'!A59:A202,'Справочные данные'!B59:B202) -> Т2
A3: Уточняющий коэффициент урбанизации территории города Москвы, согласно Приложения 3, К3 | G3: =LOOKUP(G2,'Справочные данные'!A3:A6,'Справочные данные'!B3:B6) -> 0.85
A4: ="Фактическая удалённость до скоростного внеуличного транспорта (т.к. "&A2&" ) по ситуационной схеме" -> Фактическая удалённость до скоростного внеуличного транспорта (т.к. Исходные данные ) по ситуационной схеме | F4: Более 700м
A5: =LOOKUP(F4,'Справочные данные'!B209:B210,'Справочные данные'!C209:C210) -> Проектируемый Объект попадает только в зону доступности наземного городского пассажирского транспорта (магистральная УДС, на которой организовано движение наземного городского транспорта - не далее 500м); а скоростной внеуличный транспорт (метрополитен и скоростной трамвай) расположен далее 700м; ввиду этого, согласно Приложения 7 РНГПТ, принят коэффициент К2 | G5: =LOOKUP(F4,'Справочные данные'!B209:B210,'Справочные данные'!D209:D210) -> 0.85
A6: Таблица балльной оценки уровня потребности в местах постоянного хранения автомобилей
A7: N п/п | B7: Критерий оценки потребности в местах постоянного хранения автомобилей (i) | C7: Максимальный балл по критерию | D7: Показатели | E7: Значения | F7: Весовой коэффициент к максимальному баллу по критерию i (ki) | G7: Расчетный критерий (3)*(6)
A8: 1 | B8: 2 | C8: 3 | D8: 4 | E8: 5 | F8: 6 | G8: 7
A9: 1 | B9: Доступность наземного городского пассажирского транспорта (НГПТ) | C9: 5 | D9: Число остановок различных маршрутов НГПТ в пешей доступности (до 500 м) | E9: 1 и менее | F9: =LOOKUP(E9,'Справочные данные'!A9:A11,'Справочные данные'!B9:B11) -> 1 | G9: =""&C9&"*"&F9&"="&C9*F9&"" -> 5*1=5 | H9: =C9*F9 -> 5
A10: 2 | B10: Интенсивность движения НГПТ | C10: 5 | D10: Интервалы движения | E10: Более 20 минут | F10: =LOOKUP(E10,'Справочные данные'!A14:A17,'Справочные данные'!B14:B17) -> 1 | G10: =""&C10&"*"&F10&"="&C10*F10&"" -> 5*1=5 | H10: =C10*F10 -> 5
A11: 3 | B11: Доступность станций метрополитена | C11: 15 | D11: Радиус доступности станций метрополитена | E11: Более 700м - не более 1200м | F11: =LOOKUP(E11,'Справочные данные'!A20:A23,'Справочные данные'!B20:B23) -> 0.25 | G11: =""&C11&"*"&F11&"="&C11*F11&"" -> 15*0.25=3.75 | H11: =C11*F11 -> 3.75
A12: 4 | B12: Доступность станций железнодорожного транспорта | C12: 15 | D12: Радиус доступности станций железнодорожного транспорта | E12: Более 1200м - не более 2500м | F12: =LOOKUP(E12,'Справочные данные'!A26:A29,'Справочные данные'!B26:B29) -> 0.5 | G12: =""&C12&"*"&F12&"="&C12*F12&"" -> 15*0.5=7.5 | H12: =C12*F12 -> 7.5
A13: 5 | B13: Тип жилой застройки по уровню комфорта | C13: 20 | D13: Премиум и бизнес-класс | F13: =LOOKUP(D13,'Справочные данные'!A32:A36,'Справочные данные'!B32:B36) -> 1 | G13: =""&C13&"*"&F13&"="&C13*F13&"" -> 20*1=20 | H13: =C13*F13 -> 20
A14: 6 | B14: Плотность застройки:
A15: 6.1 | B15: Плотность застройки в границах планировочного квартала | C15: 20 | D15: - (не учитывается, т.к. рассматривается отдельный з.у.) | F15: =LOOKUP(D15,'Справочные данные'!A39:A43,'Справочные данные'!B39:B43) -> 0 | G15: =""&C15&"*"&F15&"="&C15*F15&"" -> 20*0=0 | H15: =C15*F15 -> 0
A16: 6.2 | B16: Плотность застройки в границах земельного участка | C16: 20 | D16: 15000 м /га - менее 20000 кв.м/га | F16: =LOOKUP(D16,'Справочные данные'!A46:A50,'Справочные данные'!B46:B50) -> 0.75 | G16: =""&C16&"*"&F16&"="&C16*F16&"" -> 20*0.75=15 | H16: =C16*F16 -> 15
A17: 7 | B17: Уточняющий коэффициент урбанизации территории города Москвы при расчете числа мест постоянного хранения автомобилей | C17: 20 | D17: =G2 -> Т2 | F17: =LOOKUP(D17,'Справочные данные'!A3:A6,'Справочные данные'!B53:B56) -> 0.75 | G17: =""&C17&"*"&F17&"="&C17*F17&"" -> 20*0.75=15 | H17: =C17*F17 -> 15
A18: Балльная оценка уровня потребности в местах постоянного хранения автомобилей Бп | G18: =SUM(H9:H17) -> 71.25
A19: ="По итогам расчета балльной оценки уровня потребности в местах постоянного хранения автомобилей ("&G18&" баллов) принят, согласно п. 6.2.5 РНГПТ, коэффициент обеспеченности Объекта машино-местами для постоянного хранения индивидуального транспорта КБп" -> По итогам расчета балльной оценки уровня потребности в местах постоянного хранения автомобилей (71.25 баллов) принят, согласно п. 6.2.5 РНГПТ, коэффициент обеспеченности Объекта машино-местами для постоянного хранения индивидуального транспорта КБп | G19: =IF(G18>75,0.7,IF(OR(G18=50,G18<50),0.5,0.6)) -> 0.6

Sheet Расчёт (ллмз3)
A1: Расчёт стоянок выполнен на основании ПП №945-ПП г. Москвы
A2: Исходные данные | C2: Район | D2: 1.26. Люблино. | E2: Зона урбанизации согласно приложения 2 РНГПТ | G2: =LOOKUP(D2,'Справочные данные'!A59:A202,'Справочные данные'!B59:B202) -> Т1
A3: Уточняющий коэффициент урбанизации территории города Москвы, согласно Приложения 3, К3 | G3: =LOOKUP(G2,'Справочные данные'!A3:A6,'Справочные данные'!B3:B6) -> 1
A4: ="Фактическая удалённость до скоростного внеуличного транспорта (т.к. "&A2&" ) по ситуационной схеме" -> Фактическая удалённость до скоростного внеуличного транспорта (т.к. Исходные данные ) по ситуационной схеме | F4: Не более 700м
A5: =LOOKUP(F4,'Справочные данные'!B209:B210,'Справочные данные'!C209:C210) -> Проектируемый Объект попадает в зону доступности как городского пассажирского транспорта (магистральная УДС, на которой организовано движение наземного городского транспорта - не далее 500м), так и скоростного внеуличного транспорта (метрополитен или скоростной трамвай - не далее 700м); ввиду этого, согласно Приложения 7 РНГПТ, принят коэффициент К2 | G5: =LOOKUP(F4,'Справочные данные'!B209:B210,'Справочные данные'!D209:D210) -> 0.7
A6: Таблица балльной оценки уровня потребности в местах постоянного хранения автомобилей
A7: N п/п | B7: Критерий оценки потребности в местах постоянного хранения автомобилей (i) | C7: Максимальный балл по критерию | D7: Показатели | E7: Значения | F7: Весовой коэффициент к максимальному баллу по критерию i (ki) | G7: Расчетный критерий (3)*(6)
A8: 1 | B8: 2 | C8: 3 | D8: 4 | E8: 5 | F8: 6 | G8: 7
A9: 1 | B9: Доступность наземного городского пассажирского транспорта (НГПТ) | C9: 5 | D9: Число остановок различных маршрутов НГПТ в пешей доступности (до 500 м) | E9: 1 и менее | F9: =LOOKUP(E9,'Справочные данные'!A9:A11,'Справочные данные'!B9:B11) -> 1 | G9: =""&C9&"*"&F9&"="&C9*F9&"" -> 5*1=5 | H9: =C9*F9 -> 5
A10: 2 | B10: Интенсивность движения НГПТ | C10: 5 | D10: Интервалы движения | E10: Более 20 минут | F10: =LOOKUP(E10,'Справочные данные'!A14:A17,'Справочные данные'!B14:B17) -> 1 | G10: =""&C10&"*"&F10&"="&C10*F10&"" -> 5*1=5 | H10: =C10*F10 -> 5
A11: 3 | B11: Доступность станций метрополитена | C11: 15 | D11: Радиус доступности станций метрополитена | E11: Не более 700м | F11: =LOOKUP(E11,'Справочные данные'!A20:A23,'Справочные данные'!B20:B23) -> 0 | G11: =""&C11&"*"&F11&"="&C11*F11&"" -> 15*0=0 | H11: =C11*F11 -> 0
A12: 4 | B12: Доступность станций железнодорожного транспорта | C12: 15 | D12: Радиус доступности станций железнодорожного транспорта | E12: Более 1200м - не более 2500м | F12: =LOOKUP(E12,'Справочные данные'!A26:A29,'Справочные данные'!B26:B29) -> 0.5 | G12: =""&C12&"*"&F12&"="&C12*F12&"" -> 15*0.5=7.5 | H12: =C12*F12 -> 7.5
A13: 5 | B13: Тип жилой застройки по уровню комфорта | C13: 20 | D13: Премиум и бизнес-класс | F13: =LOOKUP(D13,'Справочные данные'!A32:A36,'Справочные данные'!B32:B36) -> 1 | G13: =""&C13&"*"&F13&"="&C13*F13&"" -> 20*1=20 | H13: =C13*F13 -> 20
A14: 6 | B14: Плотность застройки:
A15: 6.1 | B15: Плотность застройки в границах планировочного квартала | C15: 20 | D15: - (не учитывается, т.к. рассматривается отдельный з.у.) | F15: =LOOKUP(D15,'Справочные данные'!A39:A43,'Справочные данные'!B39:B43) -> 0 | G15: =""&C15&"*"&F15&"="&C15*F15&"" -> 20*0=0 | H15: =C15*F15 -> 0
A16: 6.2 | B16: Плотность застройки в границах земельного участка | C16: 20 | D16: Более 25000 м /га | F16: =LOOKUP(D16,'Справочные данные'!A46:A50,'Справочные данные'!B46:B50) -> 0.25 | G16: =""&C16&"*"&F16&"="&C16*F16&"" -> 20*0.25=5 | H16: =C16*F16 -> 5
A17: 7 | B17: Уточняющий коэффициент урбанизации территории города Москвы при расчете числа мест постоянного хранения автомобилей | C17: 20 | D17: =G2 -> Т1 | F17: =LOOKUP(D17,'Справочные данные'!A3:A6,'Справочные данные'!B53:B56) -> 1 | G17: =""&C17&"*"&F17&"="&C17*F17&"" -> 20*1=20 | H17: =C17*F17 -> 20
A18: Балльная оценка уровня потребности в местах постоянного хранения автомобилей Бп | G18: =SUM(H9:H17) -> 62.5
A19: ="По итогам расчета балльной оценки уровня потребности в местах постоянного хранения автомобилей ("&G18&" баллов) принят, согласно п. 6.2.5 РНГПТ, коэффициент обеспеченности Объекта машино-местами для постоянного хранения индивидуального транспорта КБп" -> По итогам расчета балльной оценки уровня потребности в местах постоянного хранения автомобилей (62.5 баллов) принят, согласно п. 6.2.5 РНГПТ, коэффициент обеспеченности Объекта машино-местами для постоянного хранения индивидуального транспорта КБп | G19: =IF(G18>75,0.7,IF(OR(G18=50,G18<50),0.5,0.6)) -> 0.6

Sheet Расчёт (ллмз)
A1: Расчёт стоянок выполнен на основании ПП №945-ПП г. Москвы
A2: Исходные данные | C2: Район | D2: 1.26. Люблино. | E2: Зона урбанизации согласно приложения 2 РНГПТ | G2: =LOOKUP(D2,'Справочные данные'!A59:A202,'Справочные данные'!B59:B202) -> Т1
A3: Уточняющий коэффициент урбанизации территории города Москвы, согласно Приложения 3, К3 | G3: =LOOKUP(G2,'Справочные данные'!A3:A6,'Справочные данные'!B3:B6) -> 1
A4: ="Фактическая удалённость до скоростного внеуличного транспорта (т.к. "&A2&" ) по ситуационной схеме" -> Фактическая удалённость до скоростного внеуличного транспорта (т.к. Исходные данные ) по ситуационной схеме | F4: Не более 700м
A5: =LOOKUP(F4,'Справочные данные'!B209:B210,'Справочные данные'!C209:C210) -> Проектируемый Объект попадает в зону доступности как городского пассажирского транспорта (магистральная УДС, на которой организовано движение наземного городского транспорта - не далее 500м), так и скоростного внеуличного транспорта (метрополитен или скоростной трамвай - не далее 700м); ввиду этого, согласно Приложения 7 РНГПТ, принят коэффициент К2 | G5: =LOOKUP(F4,'Справочные данные'!B209:B210,'Справочные данные'!D209:D210) -> 0.7
A6: Таблица балльной оценки уровня потребности в местах постоянного хранения автомобилей
A7: N п/п | B7: Критерий оценки потребности в местах постоянного хранения автомобилей (i) | C7: Максимальный балл по критерию | D7: Показатели | E7: Значения | F7: Весовой коэффициент к максимальному баллу по критерию i (ki) | G7: Расчетный критерий (3)*(6)
A8: 1 | B8: 2 | C8: 3 | D8: 4 | E8: 5 | F8: 6 | G8: 7
A9: 1 | B9: Доступность наземного городского пассажирского транспорта (НГПТ) | C9: 5 | D9: Число остановок различных маршрутов НГПТ в пешей доступности (до 500 м) | E9: 1 и менее | F9: =LOOKUP(E9,'Справочные данные'!A9:A11,'Справочные данные'!B9:B11) -> 1 | G9: =""&C9&"*"&F9&"="&C9*F9&"" -> 5*1=5 | H9: =C9*F9 -> 5
A10: 2 | B10: Интенсивность движения НГПТ | C10: 5 | D10: Интервалы движения | E10: Более 20 минут | F10: =LOOKUP(E10,'Справочные данные'!A14:A17,'Справочные данные'!B14:B17) -> 1 | G10: =""&C10&"*"&F10&"="&C10*F10&"" -> 5*1=5 | H10: =C10*F10 -> 5
A11: 3 | B11: Доступность станций метрополитена | C11: 15 | D11: Радиус доступности станций метрополитена | E11: Не более 700м | F11: =LOOKUP(E11,'Справочные данные'!A20:A23,'Справочные данные'!B20:B23) -> 0 | G11: =""&C11&"*"&F11&"="&C11*F11&"" -> 15*0=0 | H11: =C11*F11 -> 0
A12: 4 | B12: Доступность станций железнодорожного транспорта | C12: 15 | D12: Радиус доступности станций железнодорожного транспорта | E12: Более 1200м - не более 2500м | F12: =LOOKUP(E12,'Справочные данные'!A26:A29,'Справочные данные'!B26:B29) -> 0.5 | G12: =""&C12&"*"&F12&"="&C12*F12&"" -> 15*0.5=7.5 | H12: =C12*F12 -> 7.5
A13: 5 | B13: Тип жилой застройки по уровню комфорта | C13: 20 | D13: Премиум и бизнес-класс | F13: =LOOKUP(D13,'Справочные данные'!A32:A36,'Справочные данные'!B32:B36) -> 1 | G13: =""&C13&"*"&F13&"="&C13*F13&"" -> 20*1=20 | H13: =C13*F13 -> 20
A14: 6 | B14: Плотность застройки:
A15: 6.1 | B15: Плотность застройки в границах планировочного квартала | C15: 20 | D15: - (не учитывается, т.к. рассматривается отдельный з.у.) | F15: =LOOKUP(D15,'Справочные данные'!A39:A43,'Справочные данные'!B39:B43) -> 0 | G15: =""&C15&"*"&F15&"="&C15*F15&"" -> 20*0=0 | H15: =C15*F15 -> 0
A16: 6.2 | B16: Плотность застройки в границах земельного участка | C16: 20 | D16: Более 25000 м /га | F16: =LOOKUP(D16,'Справочные данные'!A46:A50,'Справочные данные'!B46:B50) -> 0.25 | G16: =""&C16&"*"&F16&"="&C16*F16&"" -> 20*0.25=5 | H16: =C16*F16 -> 5
A17: 7 | B17: Уточняющий коэффициент урбанизации территории города Москвы при расчете числа мест постоянного хранения автомобилей | C17: 20 | D17: =G2 -> Т1 | F17: =LOOKUP(D17,'Справочные данные'!A3:A6,'Справочные данные'!B53:B56) -> 1 | G17: =""&C17&"*"&F17&"="&C17*F17&"" -> 20*1=20 | H17: =C17*F17 -> 20
A18: Балльная оценка уровня потребности в местах постоянного хранения автомобилей Бп | G18: =SUM(H9:H17) -> 62.5
A19: ="По итогам расчета балльной оценки уровня потребности в местах постоянного хранения автомобилей ("&G18&" баллов) принят, согласно п. 6.2.5 РНГПТ, коэффициент обеспеченности Объекта машино-местами для постоянного хранения индивидуального транспорта КБп" -> По итогам расчета балльной оценки уровня потребности в местах постоянного хранения автомобилей (62.5 баллов) принят, согласно п. 6.2.5 РНГПТ, коэффициент обеспеченности Объекта машино-местами для постоянного хранения индивидуального транспорта КБп | G19: =IF(G18>75,0.7,IF(OR(G18=50,G18<50),0.5,0.6)) -> 0.6

Sheet ГП_2
B3: таблицы расстояний
B4: Поз.1 | C4: Расстояние, min, м | D4: Расстояние, max, м | E4: Поз.2 | F4: Норма | G4: Цитата
B5: жилой дом | C5: 12 | E5: дет.пл. | F5: СП42 п.7.5 | G5: Размещение площадок необходимо предусматривать на расстоянии от окон жилых и общественных зданий не менее, м: для игр детей дошкольного и младшего школьного возраста 12 для отдыха взрослого населения 10 для занятий физкультурой (в зависимости от шумовых характеристик*) 10 - 40 для хозяйственных целей 20 для выгула собак 40 для стоянки автомашин по таблице 10 * Наибольшие значения принимать для хоккейных и футбольных площадок, наименьшие - для площадок для настольного тенниса. Расстояния от площадок для сушки белья не нормируются; расстояния от площадок для мусоросборников до физкультурных площадок, площадок для игр детей и отдыха взрослых, а также до границ детских дошкольных учреждений, лечебных учреждений и учреждений питания следует принимать не менее 20 м, а от площадок для хозяйственных целей до наиболее удаленного входа в жилое здание - не более 100 м (для домов с мусоропроводами) и 50 м (для домов без мусоропроводов).
C6: 10 | E6: пл.для отдыха вз.нас. | F6: СП42 п.7.5
C7: 10 | D7: 40 | E7: спорт.пл | F7: СП42 п.7.5
E8: мусосбор.пл | F8: СП42 п.7.5
C9: 20 | D9: 50 | E9: без.мусор.провода | F9: СП42 п.7.5
D10: 100 | E10: с.мусор.провода | F10: СП42 п.7.5
C11: не норм. | E11: суш.белья | F11: СП42 п.7.5
C12: 20 | E12: хоз.пл. | F12: СП42 п.7.5
C13: 40 | E13: пл.для выгула животных | F13: СП42 п.7.5
C14: 10 | E14: тп | F14: СП42 | G14: 12.26 При размещении отдельно стоящих распределительных пунктов и трансформаторных подстанций напряжением 10 (6) - 20 кВ при числе трансформаторов не более двух мощностью каждого до 1000 кВА расстояние от них до окон жилых домов и общественных зданий следует принимать с учетом допустимых уровней шума и вибрации, но не менее 10 м, а до зданий лечебно-профилактических учреждений - не менее 15 м.
C15: см. отдельно | E15: стоянка | F15: СП42 п.7.5
B16: хоз. Площадка
C17: 20 | E17: дет.пл. | F17: СанПиН 2.1.2.2645-10 | G17: 8.2.5. Для установки контейнеров должна быть оборудована специальная площадка с бетонным или асфальтовым покрытием, ограниченная бордюром и зелеными насаждениями (кустарниками) по периметру и имеющая подъездной путь для автотранспорта. Размер площадок должен быть рассчитан на установку необходимого числа контейнеров, но не более 5. Расстояние от контейнеров до жилых зданий, детских игровых площадок, мест отдыха и занятий спортом должно быть не менее 20 м, но не более 100 м.
C18: 20 | E18: пл.для отдыха вз.нас. | F18: СанПиН 2.1.2.2645-10
C19: 20 | E19: спорт.пл | F19: СанПиН 2.1.2.2645-10

Sheet Единицы
A1: 1МПа | B1: 10^6
A2: Мпа | B2: Н/кв.м | C2: кг/кв.м | D2: кг/кв.см
A3: 1 | B3: =10^6*A3 -> 1000000 | C3: =B3/9.81 -> 101936.8 | D3: =C3/10^4 -> 10.19368
A4: 0.12 | B4: =10^6*A4 -> 120000 | C4: =B4/9.81 -> 12232.416 | D4: =C4/10^4 -> 1.2232416

Sheet ТС
C1: Интерполяция
B2: исходные | F2: конечные
B3: x0 | C3: x1 | D3: х2 | F3: f(x0) | G3: f(x1) | H3: f(x2)
A4: Расход ГВС (G) - потери | B4: 390 | C4: 396.23 | D4: 400 | F4: 1.75 | G4: =F4+(C4-B4)*(H4-F4)/(D4-B4) -> 1.8123 | H4: 1.85
B5: 10 | C5: 12 | D5: 20 | F5: 3.5 | G5: =F5+(C5-B5)*(H5-F5)/(D5-B5) -> 3.8 | H5: 5
B6: 20 | C6: 37.8 | D6: 70 | F6: 5 | G6: =F6+(C6-B6)*(H6-F6)/(D6-B6) -> 5.712 | H6: 7
B7: 10 | C7: 10 | D7: 20 | F7: 4 | G7: =F7+(C7-B7)*(H7-F7)/(D7-B7) -> 4 | H7: 7
B8: 20 | C8: 36 | D8: 70 | F8: 7 | G8: =F8+(C8-B8)*(H8-F8)/(D8-B8) -> 7.96 | H8: 10
C10: <= | D10: 10 | G10: 10
B11: 10 | C11: 24 | D11: 50 | F11: 10 | G11: =F11+(C11-B11)*(H11-F11)/(D11-B11) -> 11.75 | H11: 15
B12: 10 | C12: 36 | D12: 50 | F12: 10 | G12: =F12+(C12-B12)*(H12-F12)/(D12-B12) -> 13.25 | H12: 15
B13: 50 | C13: 90 | D13: 100 | F13: 15 | G13: =F13+(C13-B13)*(H13-F13)/(D13-B13) -> 23 | H13: 25
B14: 100 | C14: 134 | D14: 300 | F14: 25 | G14: =F14+(C14-B14)*(H14-F14)/(D14-B14) -> 26.7 | H14: 35
B15: 100 | C15: 112 | D15: 300 | F15: 25 | G15: =F15+(C15-B15)*(H15-F15)/(D15-B15) -> 25.6 | H15: 35
B16: 100 | C16: 235 | D16: 300 | F16: 25 | G16: =F16+(C16-B16)*(H16-F16)/(D16-B16) -> 31.75 | H16: 35
B17: 300 | C17: >= | G17: 50

Sheet ТЭП
A1: Основные технико-экономические показатели по генплану для расчёта смёта с территории (в границах ГПЗУ)
A2: № п/п | B2: Показатель | C2: Ед.изм. | D2: Значение | E2: Прим.
A3: 1 | B3: Площадь участка проектирования | C3: кв.м | F3: 1 | H3: Файл - границы | I3: Площадь проектирования в пределах ГПЗУ | J3: 1
A4: 2 | B4: Площадь застройки (по абрису в ур. 1го этажа) | C4: кв.м | F4: 3 | I4: Площадь проектирования за ГПЗУ
A5: 3 | B5: Площадьтвёрдых покрытий (всего) | C5: кв.м | F5: 4
A6: 4 | B6: Площадь озеленения (всего) | C6: кв.м | F6: 6
H7: Файл - Здания | I7: Площадь засторйки (всего) | J7: 2
I8: Площадь застройки по абрису в ур. 1го этажа | J8: 3
I9: Площадь застройки крыльца
A10: Основные технико-экономические показатели по генплану для расчёта минимальных предельных параметров (в границах ГПЗУ) | I10: Площадь застройки экспл.кровля
A11: № п/п | B11: Показатель | C11: Ед.изм. | D11: Значение | E11: Прим. | I11: Площадь застройки под нависающей частью ниже 4.5м
A12: 1 | B12: Площадь участка проектирования | C12: кв.м | F12: 1
A13: 2 | B13: Площадь застройки (по СП54; СП118 с учётом подземной части и нависающих частей зданий высотой менее 4.5м) | C13: кв.м | F13: 2 | I13: ГПЗУ / вне ГПЗУ
A14: 3 | B14: Площадь твёрдых покрытий (вне пл. застройки) | C14: кв.м | F14: 5 | H14: Файл - заливки | I14: Площадь твёрдых покрытий (всего) | J14: 4
A15: 4 | B15: Площадь озеленения (вне пл. застройки) | C15: кв.м | F15: 7 | I15: Площадь твёрдых покрытий (вне пл. застройки) | J15: 5
I16: Площадь твёрдых по крыльцам
I17: Площадь твёрдых по экспл. кровле
I18: Площадь твёрдых покрытий под навсивающей частью ниже 4.5м
I20: Площадь озеленения (всего) | J20: 6
I21: Площадь озеленения (вне пл. застройки) | J21: 7
I22: Площадь озеленения по крыльцам
I23: Площадь озеленения по экспл. кровле
I24: Площадь озеленения под навсивающей частью ниже 4.5м

Sheet cc
C1: Интерполяция
B2: исходные | F2: конечные
B3: x0 | C3: x1 | D3: х2 | F3: f(x0) | G3: f(x1) | H3: f(x2)
A4: потребляемая мощность УМ-400 при неполной загрузке | B4: 300 | C4: 325 | D4: 400 | F4: 420 | G4: =F4+(C4-B4)*(H4-F4)/(D4-B4) -> 455 | H4: 560
A8: Г10.02 МЕТА | B8: 64 | C8: 100 | D8: 128 | F8: 81 | G8: =F8+(C8-B8)*(H8-F8)/(D8-B8) -> 77.625 | H8: 75

Sheet Справочные данные
A2: Зона урбанизации | B2: Уточняющий коэффициент урбанизации территории города Москвы, К3
A3: Т1 | B3: 1
A4: Т2 | B4: 0.85
A5: Т3 | B5: 0.75
A6: Т4 | B6: 0.7
A8: 1. Доступность НГПТ
A9: 1 и менее | B9: 1
A10: Более 3 | B10: 0
A11: От 2 до 3 | B11: 0.5
A13: 2. Интенсивность НГПТ
A14: 5-10 минут | B14: 0.5
A15: Более 10-20 минут | B15: 0.75
A16: Более 20 минут | B16: 1
A17: Менее 5 минут | B17: 0
A19: 3. Доступность станций метрополитена
A20: Более 1200м - не более 2500м | B20: 0.5
A21: Более 2500м | B21: 1
A22: Более 700м - не более 1200м | B22: 0.25
A23: Не более 700м | B23: 0
A25: 4. Доступность ст. жд. тр.
A26: Более 1200м - не более 2500м | B26: 0.5
A27: Более 2500м | B27: 1
A28: Более 700м - не более 1200м | B28: 0.25
A29: Не более 700м | B29: 0
A31: 5. Тип жилой застройки по ур. комф.
A32: Комфорт-класс | B32: 0.7
A33: Муниципальный | B33: 0.25
A34: Премиум и бизнес-класс | B34: 1
A35: Специализированный | B35: 0
A36: Эконом-класс | B36: 0.5
A38: 6.1 Плотность застройки в гр. Планирования квартала
A39: - (не учитывается, т.к. рассматривается отдельный з.у.) | B39: 0
A40: 10000 м /га - менее 15000 кв.м/га | B40: 0.75
A41: 15000 м /га - не более 20000 кв.м/га | B41: 0.5
A42: Более 20000 м /га | B42: 0.25
A43: Менее 10000 кв.м/га | B43: 1
A45: 6.2 Плотность застройки в гр. з.у.
A46: - (не учитывается, т.к. рассматривается квартал) | B46: 0
A47: 15000 м /га - менее 20000 кв.м/га | B47: 0.75
A48: 20000 м /га - не более 25000 кв.м/га | B48: 0.5
A49: Более 25000 м /га | B49: 0.25
A50: Менее 15000 кв.м/га | B50: 1
A52: 7. Уточ.коэф.урб.т.г.Москвы при расч.пост.х.
A53: Т1 | B53: 1
A54: Т2 | B54: 0.75
A55: Т3 | B55: 0.5
A56: Т4 | B56: 0.25
A58: Зоны урбанизации территории города Москвы | B58: Прил.1
A59: 1.1. Бабушкинский. | B59: Т1
A60: 1.2. Бибирево. | B60: Т1
A61: 1.3. Бирюлёво Восточное. | B61: Т1
A62: 1.4. Бирюлёво Западное. | B62: Т1
A63: 1.5. Вешняки. | B63: Т1
A64: 1.6. Восточное Измайлово. | B64: Т1
A65: 1.7. Внуково. | B65: Т1
A66: 1.8. Внуковское. | B66: Т1
A67: 1.9. Воскресенское. | B67: Т1
A68: 1.10. Вороновское. | B68: Т1
A69: 1.11. Гольяново. | B69: Т1
... A202: 4.17. Якиманка. | B202: Т4
A204: Максимально допустимый уровень территориальной пешеходной доступности для населения до станций скоростного внеуличного транспорта должен составлять
A205: Объект расположен в пределах МКАД | B205: 700 м
A206: Объект расположен за пределами МКАД | B206: не нормируется
A208: Фактическая удалённость по ситуационной схеме | C208: Прил. 7 | D208: К2
B209: Более 700м | C209: Проектируемый Объект попадает только в зону доступности наземного городского пассажирского транспорта (магистральная УДС, на которой организовано движение наземного городского транспорта - не далее 500м); а скоростной внеуличный транспорт (метрополитен и скоростной трамвай) расположен далее 700м; ввиду этого, согласно Приложения 7 РНГПТ, принят коэффициент К2 | D209: 0.85
B210: Не более 700м | C210: Проектируемый Объект попадает в зону доступности как городского пассажирского транспорта (магистральная УДС, на которой организовано движение наземного городского транспорта - не далее 500м), так и скоростного внеуличного транспорта (метрополитен или скоростной трамвай - не далее 700м); ввиду этого, согласно Приложения 7 РНГПТ, принят коэффициент К2 | D210: 0.7
A215: Бп | B215: Кбп
